{"name":"fc","classpathEntries":[{"kind":"binary","path":"C:\\Program Files\\Java\\jdk1.8.0_221\\jre\\lib\\resources.jar","javadocContainerUrl":"https://docs.oracle.com/javase/1/docs/api/","isSystem":true,"isOwn":false,"isTest":false,"isJavaContent":false},{"kind":"binary","path":"C:\\Program Files\\Java\\jdk1.8.0_221\\jre\\lib\\rt.jar","javadocContainerUrl":"https://docs.oracle.com/javase/1/docs/api/","isSystem":true,"isOwn":false,"isTest":false,"isJavaContent":false},{"kind":"binary","path":"C:\\Program Files\\Java\\jdk1.8.0_221\\jre\\lib\\jsse.jar","javadocContainerUrl":"https://docs.oracle.com/javase/1/docs/api/","isSystem":true,"isOwn":false,"isTest":false,"isJavaContent":false},{"kind":"binary","path":"C:\\Program Files\\Java\\jdk1.8.0_221\\jre\\lib\\jce.jar","javadocContainerUrl":"https://docs.oracle.com/javase/1/docs/api/","isSystem":true,"isOwn":false,"isTest":false,"isJavaContent":false},{"kind":"binary","path":"C:\\Program Files\\Java\\jdk1.8.0_221\\jre\\lib\\charsets.jar","javadocContainerUrl":"https://docs.oracle.com/javase/1/docs/api/","isSystem":true,"isOwn":false,"isTest":false,"isJavaContent":false},{"kind":"binary","path":"C:\\Program Files\\Java\\jdk1.8.0_221\\jre\\lib\\jfr.jar","javadocContainerUrl":"https://docs.oracle.com/javase/1/docs/api/","isSystem":true,"isOwn":false,"isTest":false,"isJavaContent":false},{"kind":"binary","path":"C:\\Users\\olutayo.adelodun\\.m2\\repository\\org\\springframework\\boot\\spring-boot-starter-web\\2.3.5.RELEASE\\spring-boot-starter-web-2.3.5.RELEASE.jar","sourceContainerUrl":"file:/C:/Users/olutayo.adelodun/.m2/repository/org/springframework/boot/spring-boot-starter-web/2.3.5.RELEASE/spring-boot-starter-web-2.3.5.RELEASE-sources.jar","javadocContainerUrl":"file:/C:/Users/olutayo.adelodun/.m2/repository/org/springframework/boot/spring-boot-starter-web/2.3.5.RELEASE/spring-boot-starter-web-2.3.5.RELEASE-javadoc.jar","isSystem":false,"isOwn":false,"isTest":false,"isJavaContent":false},{"kind":"binary","path":"C:\\Users\\olutayo.adelodun\\.m2\\repository\\org\\springframework\\boot\\spring-boot-starter\\2.3.5.RELEASE\\spring-boot-starter-2.3.5.RELEASE.jar","sourceContainerUrl":"file:/C:/Users/olutayo.adelodun/.m2/repository/org/springframework/boot/spring-boot-starter/2.3.5.RELEASE/spring-boot-starter-2.3.5.RELEASE-sources.jar","javadocContainerUrl":"file:/C:/Users/olutayo.adelodun/.m2/repository/org/springframework/boot/spring-boot-starter/2.3.5.RELEASE/spring-boot-starter-2.3.5.RELEASE-javadoc.jar","isSystem":false,"isOwn":false,"isTest":false,"isJavaContent":false},{"kind":"binary","path":"C:\\Users\\olutayo.adelodun\\.m2\\repository\\org\\springframework\\boot\\spring-boot-starter-logging\\2.3.5.RELEASE\\spring-boot-starter-logging-2.3.5.RELEASE.jar","sourceContainerUrl":"file:/C:/Users/olutayo.adelodun/.m2/repository/org/springframework/boot/spring-boot-starter-logging/2.3.5.RELEASE/spring-boot-starter-logging-2.3.5.RELEASE-sources.jar","javadocContainerUrl":"file:/C:/Users/olutayo.adelodun/.m2/repository/org/springframework/boot/spring-boot-starter-logging/2.3.5.RELEASE/spring-boot-starter-logging-2.3.5.RELEASE-javadoc.jar","isSystem":false,"isOwn":false,"isTest":false,"isJavaContent":false},{"kind":"binary","path":"C:\\Users\\olutayo.adelodun\\.m2\\repository\\ch\\qos\\logback\\logback-classic\\1.2.3\\logback-classic-1.2.3.jar","sourceContainerUrl":"file:/C:/Users/olutayo.adelodun/.m2/repository/ch/qos/logback/logback-classic/1.2.3/logback-classic-1.2.3-sources.jar","javadocContainerUrl":"file:/C:/Users/olutayo.adelodun/.m2/repository/ch/qos/logback/logback-classic/1.2.3/logback-classic-1.2.3-javadoc.jar","isSystem":false,"isOwn":false,"isTest":false,"isJavaContent":false},{"kind":"binary","path":"C:\\Users\\olutayo.adelodun\\.m2\\repository\\ch\\qos\\logback\\logback-core\\1.2.3\\logback-core-1.2.3.jar","sourceContainerUrl":"file:/C:/Users/olutayo.adelodun/.m2/repository/ch/qos/logback/logback-core/1.2.3/logback-core-1.2.3-sources.jar","javadocContainerUrl":"file:/C:/Users/olutayo.adelodun/.m2/repository/ch/qos/logback/logback-core/1.2.3/logback-core-1.2.3-javadoc.jar","isSystem":false,"isOwn":false,"isTest":false,"isJavaContent":false},{"kind":"binary","path":"C:\\Users\\olutayo.adelodun\\.m2\\repository\\org\\apache\\logging\\log4j\\log4j-to-slf4j\\2.13.3\\log4j-to-slf4j-2.13.3.jar","sourceContainerUrl":"file:/C:/Users/olutayo.adelodun/.m2/repository/org/apache/logging/log4j/log4j-to-slf4j/2.13.3/log4j-to-slf4j-2.13.3-sources.jar","javadocContainerUrl":"file:/C:/Users/olutayo.adelodun/.m2/repository/org/apache/logging/log4j/log4j-to-slf4j/2.13.3/log4j-to-slf4j-2.13.3-javadoc.jar","isSystem":false,"isOwn":false,"isTest":false,"isJavaContent":false},{"kind":"binary","path":"C:\\Users\\olutayo.adelodun\\.m2\\repository\\org\\apache\\logging\\log4j\\log4j-api\\2.13.3\\log4j-api-2.13.3.jar","sourceContainerUrl":"file:/C:/Users/olutayo.adelodun/.m2/repository/org/apache/logging/log4j/log4j-api/2.13.3/log4j-api-2.13.3-sources.jar","javadocContainerUrl":"file:/C:/Users/olutayo.adelodun/.m2/repository/org/apache/logging/log4j/log4j-api/2.13.3/log4j-api-2.13.3-javadoc.jar","isSystem":false,"isOwn":false,"isTest":false,"isJavaContent":false},{"kind":"binary","path":"C:\\Users\\olutayo.adelodun\\.m2\\repository\\org\\slf4j\\jul-to-slf4j\\1.7.30\\jul-to-slf4j-1.7.30.jar","sourceContainerUrl":"file:/C:/Users/olutayo.adelodun/.m2/repository/org/slf4j/jul-to-slf4j/1.7.30/jul-to-slf4j-1.7.30-sources.jar","javadocContainerUrl":"file:/C:/Users/olutayo.adelodun/.m2/repository/org/slf4j/jul-to-slf4j/1.7.30/jul-to-slf4j-1.7.30-javadoc.jar","isSystem":false,"isOwn":false,"isTest":false,"isJavaContent":false},{"kind":"binary","path":"C:\\Users\\olutayo.adelodun\\.m2\\repository\\jakarta\\annotation\\jakarta.annotation-api\\1.3.5\\jakarta.annotation-api-1.3.5.jar","sourceContainerUrl":"file:/C:/Users/olutayo.adelodun/.m2/repository/jakarta/annotation/jakarta.annotation-api/1.3.5/jakarta.annotation-api-1.3.5-sources.jar","javadocContainerUrl":"file:/C:/Users/olutayo.adelodun/.m2/repository/jakarta/annotation/jakarta.annotation-api/1.3.5/jakarta.annotation-api-1.3.5-javadoc.jar","isSystem":false,"isOwn":false,"isTest":false,"isJavaContent":false},{"kind":"binary","path":"C:\\Users\\olutayo.adelodun\\.m2\\repository\\org\\yaml\\snakeyaml\\1.26\\snakeyaml-1.26.jar","sourceContainerUrl":"file:/C:/Users/olutayo.adelodun/.m2/repository/org/yaml/snakeyaml/1.26/snakeyaml-1.26-sources.jar","javadocContainerUrl":"file:/C:/Users/olutayo.adelodun/.m2/repository/org/yaml/snakeyaml/1.26/snakeyaml-1.26-javadoc.jar","isSystem":false,"isOwn":false,"isTest":false,"isJavaContent":false},{"kind":"binary","path":"C:\\Users\\olutayo.adelodun\\.m2\\repository\\org\\springframework\\boot\\spring-boot-starter-json\\2.3.5.RELEASE\\spring-boot-starter-json-2.3.5.RELEASE.jar","sourceContainerUrl":"file:/C:/Users/olutayo.adelodun/.m2/repository/org/springframework/boot/spring-boot-starter-json/2.3.5.RELEASE/spring-boot-starter-json-2.3.5.RELEASE-sources.jar","javadocContainerUrl":"file:/C:/Users/olutayo.adelodun/.m2/repository/org/springframework/boot/spring-boot-starter-json/2.3.5.RELEASE/spring-boot-starter-json-2.3.5.RELEASE-javadoc.jar","isSystem":false,"isOwn":false,"isTest":false,"isJavaContent":false},{"kind":"binary","path":"C:\\Users\\olutayo.adelodun\\.m2\\repository\\com\\fasterxml\\jackson\\datatype\\jackson-datatype-jdk8\\2.11.3\\jackson-datatype-jdk8-2.11.3.jar","sourceContainerUrl":"file:/C:/Users/olutayo.adelodun/.m2/repository/com/fasterxml/jackson/datatype/jackson-datatype-jdk8/2.11.3/jackson-datatype-jdk8-2.11.3-sources.jar","javadocContainerUrl":"file:/C:/Users/olutayo.adelodun/.m2/repository/com/fasterxml/jackson/datatype/jackson-datatype-jdk8/2.11.3/jackson-datatype-jdk8-2.11.3-javadoc.jar","isSystem":false,"isOwn":false,"isTest":false,"isJavaContent":false},{"kind":"binary","path":"C:\\Users\\olutayo.adelodun\\.m2\\repository\\com\\fasterxml\\jackson\\datatype\\jackson-datatype-jsr310\\2.11.3\\jackson-datatype-jsr310-2.11.3.jar","sourceContainerUrl":"file:/C:/Users/olutayo.adelodun/.m2/repository/com/fasterxml/jackson/datatype/jackson-datatype-jsr310/2.11.3/jackson-datatype-jsr310-2.11.3-sources.jar","javadocContainerUrl":"file:/C:/Users/olutayo.adelodun/.m2/repository/com/fasterxml/jackson/datatype/jackson-datatype-jsr310/2.11.3/jackson-datatype-jsr310-2.11.3-javadoc.jar","isSystem":false,"isOwn":false,"isTest":false,"isJavaContent":false},{"kind":"binary","path":"C:\\Users\\olutayo.adelodun\\.m2\\repository\\com\\fasterxml\\jackson\\module\\jackson-module-parameter-names\\2.11.3\\jackson-module-parameter-names-2.11.3.jar","sourceContainerUrl":"file:/C:/Users/olutayo.adelodun/.m2/repository/com/fasterxml/jackson/module/jackson-module-parameter-names/2.11.3/jackson-module-parameter-names-2.11.3-sources.jar","javadocContainerUrl":"file:/C:/Users/olutayo.adelodun/.m2/repository/com/fasterxml/jackson/module/jackson-module-parameter-names/2.11.3/jackson-module-parameter-names-2.11.3-javadoc.jar","isSystem":false,"isOwn":false,"isTest":false,"isJavaContent":false},{"kind":"binary","path":"C:\\Users\\olutayo.adelodun\\.m2\\repository\\org\\springframework\\boot\\spring-boot-starter-tomcat\\2.3.5.RELEASE\\spring-boot-starter-tomcat-2.3.5.RELEASE.jar","sourceContainerUrl":"file:/C:/Users/olutayo.adelodun/.m2/repository/org/springframework/boot/spring-boot-starter-tomcat/2.3.5.RELEASE/spring-boot-starter-tomcat-2.3.5.RELEASE-sources.jar","javadocContainerUrl":"file:/C:/Users/olutayo.adelodun/.m2/repository/org/springframework/boot/spring-boot-starter-tomcat/2.3.5.RELEASE/spring-boot-starter-tomcat-2.3.5.RELEASE-javadoc.jar","isSystem":false,"isOwn":false,"isTest":false,"isJavaContent":false},{"kind":"binary","path":"C:\\Users\\olutayo.adelodun\\.m2\\repository\\org\\apache\\tomcat\\embed\\tomcat-embed-core\\9.0.39\\tomcat-embed-core-9.0.39.jar","sourceContainerUrl":"file:/C:/Users/olutayo.adelodun/.m2/repository/org/apache/tomcat/embed/tomcat-embed-core/9.0.39/tomcat-embed-core-9.0.39-sources.jar","isSystem":false,"isOwn":false,"isTest":false,"isJavaContent":false},{"kind":"binary","path":"C:\\Users\\olutayo.adelodun\\.m2\\repository\\org\\apache\\tomcat\\embed\\tomcat-embed-websocket\\9.0.39\\tomcat-embed-websocket-9.0.39.jar","sourceContainerUrl":"file:/C:/Users/olutayo.adelodun/.m2/repository/org/apache/tomcat/embed/tomcat-embed-websocket/9.0.39/tomcat-embed-websocket-9.0.39-sources.jar","isSystem":false,"isOwn":false,"isTest":false,"isJavaContent":false},{"kind":"binary","path":"C:\\Users\\olutayo.adelodun\\.m2\\repository\\org\\springframework\\spring-web\\5.2.10.RELEASE\\spring-web-5.2.10.RELEASE.jar","sourceContainerUrl":"file:/C:/Users/olutayo.adelodun/.m2/repository/org/springframework/spring-web/5.2.10.RELEASE/spring-web-5.2.10.RELEASE-sources.jar","javadocContainerUrl":"file:/C:/Users/olutayo.adelodun/.m2/repository/org/springframework/spring-web/5.2.10.RELEASE/spring-web-5.2.10.RELEASE-javadoc.jar","isSystem":false,"isOwn":false,"isTest":false,"isJavaContent":false},{"kind":"binary","path":"C:\\Users\\olutayo.adelodun\\.m2\\repository\\org\\springframework\\spring-beans\\5.2.10.RELEASE\\spring-beans-5.2.10.RELEASE.jar","sourceContainerUrl":"file:/C:/Users/olutayo.adelodun/.m2/repository/org/springframework/spring-beans/5.2.10.RELEASE/spring-beans-5.2.10.RELEASE-sources.jar","javadocContainerUrl":"file:/C:/Users/olutayo.adelodun/.m2/repository/org/springframework/spring-beans/5.2.10.RELEASE/spring-beans-5.2.10.RELEASE-javadoc.jar","isSystem":false,"isOwn":false,"isTest":false,"isJavaContent":false},{"kind":"binary","path":"C:\\Users\\olutayo.adelodun\\.m2\\repository\\org\\springframework\\spring-webmvc\\5.2.10.RELEASE\\spring-webmvc-5.2.10.RELEASE.jar","sourceContainerUrl":"file:/C:/Users/olutayo.adelodun/.m2/repository/org/springframework/spring-webmvc/5.2.10.RELEASE/spring-webmvc-5.2.10.RELEASE-sources.jar","javadocContainerUrl":"file:/C:/Users/olutayo.adelodun/.m2/repository/org/springframework/spring-webmvc/5.2.10.RELEASE/spring-webmvc-5.2.10.RELEASE-javadoc.jar","isSystem":false,"isOwn":false,"isTest":false,"isJavaContent":false},{"kind":"binary","path":"C:\\Users\\olutayo.adelodun\\.m2\\repository\\org\\springframework\\spring-context\\5.2.10.RELEASE\\spring-context-5.2.10.RELEASE.jar","sourceContainerUrl":"file:/C:/Users/olutayo.adelodun/.m2/repository/org/springframework/spring-context/5.2.10.RELEASE/spring-context-5.2.10.RELEASE-sources.jar","javadocContainerUrl":"file:/C:/Users/olutayo.adelodun/.m2/repository/org/springframework/spring-context/5.2.10.RELEASE/spring-context-5.2.10.RELEASE-javadoc.jar","isSystem":false,"isOwn":false,"isTest":false,"isJavaContent":false},{"kind":"binary","path":"C:\\Users\\olutayo.adelodun\\.m2\\repository\\org\\springframework\\spring-expression\\5.2.10.RELEASE\\spring-expression-5.2.10.RELEASE.jar","sourceContainerUrl":"file:/C:/Users/olutayo.adelodun/.m2/repository/org/springframework/spring-expression/5.2.10.RELEASE/spring-expression-5.2.10.RELEASE-sources.jar","javadocContainerUrl":"file:/C:/Users/olutayo.adelodun/.m2/repository/org/springframework/spring-expression/5.2.10.RELEASE/spring-expression-5.2.10.RELEASE-javadoc.jar","isSystem":false,"isOwn":false,"isTest":false,"isJavaContent":false},{"kind":"binary","path":"C:\\Users\\olutayo.adelodun\\.m2\\repository\\org\\springframework\\boot\\spring-boot-starter-data-jpa\\2.3.5.RELEASE\\spring-boot-starter-data-jpa-2.3.5.RELEASE.jar","sourceContainerUrl":"file:/C:/Users/olutayo.adelodun/.m2/repository/org/springframework/boot/spring-boot-starter-data-jpa/2.3.5.RELEASE/spring-boot-starter-data-jpa-2.3.5.RELEASE-sources.jar","javadocContainerUrl":"file:/C:/Users/olutayo.adelodun/.m2/repository/org/springframework/boot/spring-boot-starter-data-jpa/2.3.5.RELEASE/spring-boot-starter-data-jpa-2.3.5.RELEASE-javadoc.jar","isSystem":false,"isOwn":false,"isTest":false,"isJavaContent":false},{"kind":"binary","path":"C:\\Users\\olutayo.adelodun\\.m2\\repository\\org\\springframework\\boot\\spring-boot-starter-aop\\2.3.5.RELEASE\\spring-boot-starter-aop-2.3.5.RELEASE.jar","sourceContainerUrl":"file:/C:/Users/olutayo.adelodun/.m2/repository/org/springframework/boot/spring-boot-starter-aop/2.3.5.RELEASE/spring-boot-starter-aop-2.3.5.RELEASE-sources.jar","javadocContainerUrl":"file:/C:/Users/olutayo.adelodun/.m2/repository/org/springframework/boot/spring-boot-starter-aop/2.3.5.RELEASE/spring-boot-starter-aop-2.3.5.RELEASE-javadoc.jar","isSystem":false,"isOwn":false,"isTest":false,"isJavaContent":false},{"kind":"binary","path":"C:\\Users\\olutayo.adelodun\\.m2\\repository\\org\\aspectj\\aspectjweaver\\1.9.6\\aspectjweaver-1.9.6.jar","sourceContainerUrl":"file:/C:/Users/olutayo.adelodun/.m2/repository/org/aspectj/aspectjweaver/1.9.6/aspectjweaver-1.9.6-sources.jar","javadocContainerUrl":"file:/C:/Users/olutayo.adelodun/.m2/repository/org/aspectj/aspectjweaver/1.9.6/aspectjweaver-1.9.6-javadoc.jar","isSystem":false,"isOwn":false,"isTest":false,"isJavaContent":false},{"kind":"binary","path":"C:\\Users\\olutayo.adelodun\\.m2\\repository\\org\\springframework\\boot\\spring-boot-starter-jdbc\\2.3.5.RELEASE\\spring-boot-starter-jdbc-2.3.5.RELEASE.jar","sourceContainerUrl":"file:/C:/Users/olutayo.adelodun/.m2/repository/org/springframework/boot/spring-boot-starter-jdbc/2.3.5.RELEASE/spring-boot-starter-jdbc-2.3.5.RELEASE-sources.jar","javadocContainerUrl":"file:/C:/Users/olutayo.adelodun/.m2/repository/org/springframework/boot/spring-boot-starter-jdbc/2.3.5.RELEASE/spring-boot-starter-jdbc-2.3.5.RELEASE-javadoc.jar","isSystem":false,"isOwn":false,"isTest":false,"isJavaContent":false},{"kind":"binary","path":"C:\\Users\\olutayo.adelodun\\.m2\\repository\\com\\zaxxer\\HikariCP\\3.4.5\\HikariCP-3.4.5.jar","sourceContainerUrl":"file:/C:/Users/olutayo.adelodun/.m2/repository/com/zaxxer/HikariCP/3.4.5/HikariCP-3.4.5-sources.jar","javadocContainerUrl":"file:/C:/Users/olutayo.adelodun/.m2/repository/com/zaxxer/HikariCP/3.4.5/HikariCP-3.4.5-javadoc.jar","isSystem":false,"isOwn":false,"isTest":false,"isJavaContent":false},{"kind":"binary","path":"C:\\Users\\olutayo.adelodun\\.m2\\repository\\org\\springframework\\spring-jdbc\\5.2.10.RELEASE\\spring-jdbc-5.2.10.RELEASE.jar","sourceContainerUrl":"file:/C:/Users/olutayo.adelodun/.m2/repository/org/springframework/spring-jdbc/5.2.10.RELEASE/spring-jdbc-5.2.10.RELEASE-sources.jar","javadocContainerUrl":"file:/C:/Users/olutayo.adelodun/.m2/repository/org/springframework/spring-jdbc/5.2.10.RELEASE/spring-jdbc-5.2.10.RELEASE-javadoc.jar","isSystem":false,"isOwn":false,"isTest":false,"isJavaContent":false},{"kind":"binary","path":"C:\\Users\\olutayo.adelodun\\.m2\\repository\\jakarta\\transaction\\jakarta.transaction-api\\1.3.3\\jakarta.transaction-api-1.3.3.jar","sourceContainerUrl":"file:/C:/Users/olutayo.adelodun/.m2/repository/jakarta/transaction/jakarta.transaction-api/1.3.3/jakarta.transaction-api-1.3.3-sources.jar","javadocContainerUrl":"file:/C:/Users/olutayo.adelodun/.m2/repository/jakarta/transaction/jakarta.transaction-api/1.3.3/jakarta.transaction-api-1.3.3-javadoc.jar","isSystem":false,"isOwn":false,"isTest":false,"isJavaContent":false},{"kind":"binary","path":"C:\\Users\\olutayo.adelodun\\.m2\\repository\\jakarta\\persistence\\jakarta.persistence-api\\2.2.3\\jakarta.persistence-api-2.2.3.jar","sourceContainerUrl":"file:/C:/Users/olutayo.adelodun/.m2/repository/jakarta/persistence/jakarta.persistence-api/2.2.3/jakarta.persistence-api-2.2.3-sources.jar","javadocContainerUrl":"file:/C:/Users/olutayo.adelodun/.m2/repository/jakarta/persistence/jakarta.persistence-api/2.2.3/jakarta.persistence-api-2.2.3-javadoc.jar","isSystem":false,"isOwn":false,"isTest":false,"isJavaContent":false},{"kind":"binary","path":"C:\\Users\\olutayo.adelodun\\.m2\\repository\\org\\hibernate\\hibernate-core\\5.4.22.Final\\hibernate-core-5.4.22.Final.jar","sourceContainerUrl":"file:/C:/Users/olutayo.adelodun/.m2/repository/org/hibernate/hibernate-core/5.4.22.Final/hibernate-core-5.4.22.Final-sources.jar","javadocContainerUrl":"file:/C:/Users/olutayo.adelodun/.m2/repository/org/hibernate/hibernate-core/5.4.22.Final/hibernate-core-5.4.22.Final-javadoc.jar","isSystem":false,"isOwn":false,"isTest":false,"isJavaContent":false},{"kind":"binary","path":"C:\\Users\\olutayo.adelodun\\.m2\\repository\\org\\jboss\\logging\\jboss-logging\\3.4.1.Final\\jboss-logging-3.4.1.Final.jar","sourceContainerUrl":"file:/C:/Users/olutayo.adelodun/.m2/repository/org/jboss/logging/jboss-logging/3.4.1.Final/jboss-logging-3.4.1.Final-sources.jar","javadocContainerUrl":"file:/C:/Users/olutayo.adelodun/.m2/repository/org/jboss/logging/jboss-logging/3.4.1.Final/jboss-logging-3.4.1.Final-javadoc.jar","isSystem":false,"isOwn":false,"isTest":false,"isJavaContent":false},{"kind":"binary","path":"C:\\Users\\olutayo.adelodun\\.m2\\repository\\org\\javassist\\javassist\\3.24.0-GA\\javassist-3.24.0-GA.jar","sourceContainerUrl":"file:/C:/Users/olutayo.adelodun/.m2/repository/org/javassist/javassist/3.24.0-GA/javassist-3.24.0-GA-sources.jar","javadocContainerUrl":"file:/C:/Users/olutayo.adelodun/.m2/repository/org/javassist/javassist/3.24.0-GA/javassist-3.24.0-GA-javadoc.jar","isSystem":false,"isOwn":false,"isTest":false,"isJavaContent":false},{"kind":"binary","path":"C:\\Users\\olutayo.adelodun\\.m2\\repository\\net\\bytebuddy\\byte-buddy\\1.10.17\\byte-buddy-1.10.17.jar","sourceContainerUrl":"file:/C:/Users/olutayo.adelodun/.m2/repository/net/bytebuddy/byte-buddy/1.10.17/byte-buddy-1.10.17-sources.jar","javadocContainerUrl":"file:/C:/Users/olutayo.adelodun/.m2/repository/net/bytebuddy/byte-buddy/1.10.17/byte-buddy-1.10.17-javadoc.jar","isSystem":false,"isOwn":false,"isTest":false,"isJavaContent":false},{"kind":"binary","path":"C:\\Users\\olutayo.adelodun\\.m2\\repository\\antlr\\antlr\\2.7.7\\antlr-2.7.7.jar","isSystem":false,"isOwn":false,"isTest":false,"isJavaContent":false},{"kind":"binary","path":"C:\\Users\\olutayo.adelodun\\.m2\\repository\\org\\jboss\\jandex\\2.1.3.Final\\jandex-2.1.3.Final.jar","sourceContainerUrl":"file:/C:/Users/olutayo.adelodun/.m2/repository/org/jboss/jandex/2.1.3.Final/jandex-2.1.3.Final-sources.jar","isSystem":false,"isOwn":false,"isTest":false,"isJavaContent":false},{"kind":"binary","path":"C:\\Users\\olutayo.adelodun\\.m2\\repository\\org\\dom4j\\dom4j\\2.1.3\\dom4j-2.1.3.jar","sourceContainerUrl":"file:/C:/Users/olutayo.adelodun/.m2/repository/org/dom4j/dom4j/2.1.3/dom4j-2.1.3-sources.jar","javadocContainerUrl":"file:/C:/Users/olutayo.adelodun/.m2/repository/org/dom4j/dom4j/2.1.3/dom4j-2.1.3-javadoc.jar","isSystem":false,"isOwn":false,"isTest":false,"isJavaContent":false},{"kind":"binary","path":"C:\\Users\\olutayo.adelodun\\.m2\\repository\\org\\hibernate\\common\\hibernate-commons-annotations\\5.1.0.Final\\hibernate-commons-annotations-5.1.0.Final.jar","sourceContainerUrl":"file:/C:/Users/olutayo.adelodun/.m2/repository/org/hibernate/common/hibernate-commons-annotations/5.1.0.Final/hibernate-commons-annotations-5.1.0.Final-sources.jar","isSystem":false,"isOwn":false,"isTest":false,"isJavaContent":false},{"kind":"binary","path":"C:\\Users\\olutayo.adelodun\\.m2\\repository\\org\\glassfish\\jaxb\\jaxb-runtime\\2.3.3\\jaxb-runtime-2.3.3.jar","sourceContainerUrl":"file:/C:/Users/olutayo.adelodun/.m2/repository/org/glassfish/jaxb/jaxb-runtime/2.3.3/jaxb-runtime-2.3.3-sources.jar","javadocContainerUrl":"file:/C:/Users/olutayo.adelodun/.m2/repository/org/glassfish/jaxb/jaxb-runtime/2.3.3/jaxb-runtime-2.3.3-javadoc.jar","isSystem":false,"isOwn":false,"isTest":false,"isJavaContent":false},{"kind":"binary","path":"C:\\Users\\olutayo.adelodun\\.m2\\repository\\org\\glassfish\\jaxb\\txw2\\2.3.3\\txw2-2.3.3.jar","sourceContainerUrl":"file:/C:/Users/olutayo.adelodun/.m2/repository/org/glassfish/jaxb/txw2/2.3.3/txw2-2.3.3-sources.jar","javadocContainerUrl":"file:/C:/Users/olutayo.adelodun/.m2/repository/org/glassfish/jaxb/txw2/2.3.3/txw2-2.3.3-javadoc.jar","isSystem":false,"isOwn":false,"isTest":false,"isJavaContent":false},{"kind":"binary","path":"C:\\Users\\olutayo.adelodun\\.m2\\repository\\com\\sun\\istack\\istack-commons-runtime\\3.0.11\\istack-commons-runtime-3.0.11.jar","sourceContainerUrl":"file:/C:/Users/olutayo.adelodun/.m2/repository/com/sun/istack/istack-commons-runtime/3.0.11/istack-commons-runtime-3.0.11-sources.jar","javadocContainerUrl":"file:/C:/Users/olutayo.adelodun/.m2/repository/com/sun/istack/istack-commons-runtime/3.0.11/istack-commons-runtime-3.0.11-javadoc.jar","isSystem":false,"isOwn":false,"isTest":false,"isJavaContent":false},{"kind":"binary","path":"C:\\Users\\olutayo.adelodun\\.m2\\repository\\com\\sun\\activation\\jakarta.activation\\1.2.2\\jakarta.activation-1.2.2.jar","sourceContainerUrl":"file:/C:/Users/olutayo.adelodun/.m2/repository/com/sun/activation/jakarta.activation/1.2.2/jakarta.activation-1.2.2-sources.jar","javadocContainerUrl":"file:/C:/Users/olutayo.adelodun/.m2/repository/com/sun/activation/jakarta.activation/1.2.2/jakarta.activation-1.2.2-javadoc.jar","isSystem":false,"isOwn":false,"isTest":false,"isJavaContent":false},{"kind":"binary","path":"C:\\Users\\olutayo.adelodun\\.m2\\repository\\org\\springframework\\data\\spring-data-jpa\\2.3.5.RELEASE\\spring-data-jpa-2.3.5.RELEASE.jar","sourceContainerUrl":"file:/C:/Users/olutayo.adelodun/.m2/repository/org/springframework/data/spring-data-jpa/2.3.5.RELEASE/spring-data-jpa-2.3.5.RELEASE-sources.jar","javadocContainerUrl":"file:/C:/Users/olutayo.adelodun/.m2/repository/org/springframework/data/spring-data-jpa/2.3.5.RELEASE/spring-data-jpa-2.3.5.RELEASE-javadoc.jar","isSystem":false,"isOwn":false,"isTest":false,"isJavaContent":false},{"kind":"binary","path":"C:\\Users\\olutayo.adelodun\\.m2\\repository\\org\\springframework\\data\\spring-data-commons\\2.3.5.RELEASE\\spring-data-commons-2.3.5.RELEASE.jar","sourceContainerUrl":"file:/C:/Users/olutayo.adelodun/.m2/repository/org/springframework/data/spring-data-commons/2.3.5.RELEASE/spring-data-commons-2.3.5.RELEASE-sources.jar","javadocContainerUrl":"file:/C:/Users/olutayo.adelodun/.m2/repository/org/springframework/data/spring-data-commons/2.3.5.RELEASE/spring-data-commons-2.3.5.RELEASE-javadoc.jar","isSystem":false,"isOwn":false,"isTest":false,"isJavaContent":false},{"kind":"binary","path":"C:\\Users\\olutayo.adelodun\\.m2\\repository\\org\\springframework\\spring-orm\\5.2.10.RELEASE\\spring-orm-5.2.10.RELEASE.jar","sourceContainerUrl":"file:/C:/Users/olutayo.adelodun/.m2/repository/org/springframework/spring-orm/5.2.10.RELEASE/spring-orm-5.2.10.RELEASE-sources.jar","javadocContainerUrl":"file:/C:/Users/olutayo.adelodun/.m2/repository/org/springframework/spring-orm/5.2.10.RELEASE/spring-orm-5.2.10.RELEASE-javadoc.jar","isSystem":false,"isOwn":false,"isTest":false,"isJavaContent":false},{"kind":"binary","path":"C:\\Users\\olutayo.adelodun\\.m2\\repository\\org\\springframework\\spring-tx\\5.2.10.RELEASE\\spring-tx-5.2.10.RELEASE.jar","sourceContainerUrl":"file:/C:/Users/olutayo.adelodun/.m2/repository/org/springframework/spring-tx/5.2.10.RELEASE/spring-tx-5.2.10.RELEASE-sources.jar","javadocContainerUrl":"file:/C:/Users/olutayo.adelodun/.m2/repository/org/springframework/spring-tx/5.2.10.RELEASE/spring-tx-5.2.10.RELEASE-javadoc.jar","isSystem":false,"isOwn":false,"isTest":false,"isJavaContent":false},{"kind":"binary","path":"C:\\Users\\olutayo.adelodun\\.m2\\repository\\org\\springframework\\spring-aspects\\5.2.10.RELEASE\\spring-aspects-5.2.10.RELEASE.jar","sourceContainerUrl":"file:/C:/Users/olutayo.adelodun/.m2/repository/org/springframework/spring-aspects/5.2.10.RELEASE/spring-aspects-5.2.10.RELEASE-sources.jar","javadocContainerUrl":"file:/C:/Users/olutayo.adelodun/.m2/repository/org/springframework/spring-aspects/5.2.10.RELEASE/spring-aspects-5.2.10.RELEASE-javadoc.jar","isSystem":false,"isOwn":false,"isTest":false,"isJavaContent":false},{"kind":"binary","path":"C:\\Users\\olutayo.adelodun\\.m2\\repository\\org\\springframework\\boot\\spring-boot-starter-validation\\2.3.5.RELEASE\\spring-boot-starter-validation-2.3.5.RELEASE.jar","sourceContainerUrl":"file:/C:/Users/olutayo.adelodun/.m2/repository/org/springframework/boot/spring-boot-starter-validation/2.3.5.RELEASE/spring-boot-starter-validation-2.3.5.RELEASE-sources.jar","javadocContainerUrl":"file:/C:/Users/olutayo.adelodun/.m2/repository/org/springframework/boot/spring-boot-starter-validation/2.3.5.RELEASE/spring-boot-starter-validation-2.3.5.RELEASE-javadoc.jar","isSystem":false,"isOwn":false,"isTest":false,"isJavaContent":false},{"kind":"binary","path":"C:\\Users\\olutayo.adelodun\\.m2\\repository\\org\\glassfish\\jakarta.el\\3.0.3\\jakarta.el-3.0.3.jar","sourceContainerUrl":"file:/C:/Users/olutayo.adelodun/.m2/repository/org/glassfish/jakarta.el/3.0.3/jakarta.el-3.0.3-sources.jar","javadocContainerUrl":"file:/C:/Users/olutayo.adelodun/.m2/repository/org/glassfish/jakarta.el/3.0.3/jakarta.el-3.0.3-javadoc.jar","isSystem":false,"isOwn":false,"isTest":false,"isJavaContent":false},{"kind":"binary","path":"C:\\Users\\olutayo.adelodun\\.m2\\repository\\org\\hibernate\\validator\\hibernate-validator\\6.1.6.Final\\hibernate-validator-6.1.6.Final.jar","sourceContainerUrl":"file:/C:/Users/olutayo.adelodun/.m2/repository/org/hibernate/validator/hibernate-validator/6.1.6.Final/hibernate-validator-6.1.6.Final-sources.jar","isSystem":false,"isOwn":false,"isTest":false,"isJavaContent":false},{"kind":"binary","path":"C:\\Users\\olutayo.adelodun\\.m2\\repository\\jakarta\\validation\\jakarta.validation-api\\2.0.2\\jakarta.validation-api-2.0.2.jar","sourceContainerUrl":"file:/C:/Users/olutayo.adelodun/.m2/repository/jakarta/validation/jakarta.validation-api/2.0.2/jakarta.validation-api-2.0.2-sources.jar","javadocContainerUrl":"file:/C:/Users/olutayo.adelodun/.m2/repository/jakarta/validation/jakarta.validation-api/2.0.2/jakarta.validation-api-2.0.2-javadoc.jar","isSystem":false,"isOwn":false,"isTest":false,"isJavaContent":false},{"kind":"binary","path":"C:\\Users\\olutayo.adelodun\\.m2\\repository\\javax\\validation\\validation-api\\2.0.1.Final\\validation-api-2.0.1.Final.jar","sourceContainerUrl":"file:/C:/Users/olutayo.adelodun/.m2/repository/javax/validation/validation-api/2.0.1.Final/validation-api-2.0.1.Final-sources.jar","javadocContainerUrl":"file:/C:/Users/olutayo.adelodun/.m2/repository/javax/validation/validation-api/2.0.1.Final/validation-api-2.0.1.Final-javadoc.jar","isSystem":false,"isOwn":false,"isTest":false,"isJavaContent":false},{"kind":"binary","path":"C:\\Users\\olutayo.adelodun\\.m2\\repository\\org\\springframework\\boot\\spring-boot-starter-security\\2.3.5.RELEASE\\spring-boot-starter-security-2.3.5.RELEASE.jar","sourceContainerUrl":"file:/C:/Users/olutayo.adelodun/.m2/repository/org/springframework/boot/spring-boot-starter-security/2.3.5.RELEASE/spring-boot-starter-security-2.3.5.RELEASE-sources.jar","javadocContainerUrl":"file:/C:/Users/olutayo.adelodun/.m2/repository/org/springframework/boot/spring-boot-starter-security/2.3.5.RELEASE/spring-boot-starter-security-2.3.5.RELEASE-javadoc.jar","isSystem":false,"isOwn":false,"isTest":false,"isJavaContent":false},{"kind":"binary","path":"C:\\Users\\olutayo.adelodun\\.m2\\repository\\org\\springframework\\spring-aop\\5.2.10.RELEASE\\spring-aop-5.2.10.RELEASE.jar","sourceContainerUrl":"file:/C:/Users/olutayo.adelodun/.m2/repository/org/springframework/spring-aop/5.2.10.RELEASE/spring-aop-5.2.10.RELEASE-sources.jar","javadocContainerUrl":"file:/C:/Users/olutayo.adelodun/.m2/repository/org/springframework/spring-aop/5.2.10.RELEASE/spring-aop-5.2.10.RELEASE-javadoc.jar","isSystem":false,"isOwn":false,"isTest":false,"isJavaContent":false},{"kind":"binary","path":"C:\\Users\\olutayo.adelodun\\.m2\\repository\\org\\springframework\\security\\spring-security-config\\5.3.5.RELEASE\\spring-security-config-5.3.5.RELEASE.jar","sourceContainerUrl":"file:/C:/Users/olutayo.adelodun/.m2/repository/org/springframework/security/spring-security-config/5.3.5.RELEASE/spring-security-config-5.3.5.RELEASE-sources.jar","javadocContainerUrl":"file:/C:/Users/olutayo.adelodun/.m2/repository/org/springframework/security/spring-security-config/5.3.5.RELEASE/spring-security-config-5.3.5.RELEASE-javadoc.jar","isSystem":false,"isOwn":false,"isTest":false,"isJavaContent":false},{"kind":"binary","path":"C:\\Users\\olutayo.adelodun\\.m2\\repository\\org\\springframework\\security\\spring-security-core\\5.3.5.RELEASE\\spring-security-core-5.3.5.RELEASE.jar","sourceContainerUrl":"file:/C:/Users/olutayo.adelodun/.m2/repository/org/springframework/security/spring-security-core/5.3.5.RELEASE/spring-security-core-5.3.5.RELEASE-sources.jar","javadocContainerUrl":"file:/C:/Users/olutayo.adelodun/.m2/repository/org/springframework/security/spring-security-core/5.3.5.RELEASE/spring-security-core-5.3.5.RELEASE-javadoc.jar","isSystem":false,"isOwn":false,"isTest":false,"isJavaContent":false},{"kind":"binary","path":"C:\\Users\\olutayo.adelodun\\.m2\\repository\\org\\springframework\\security\\spring-security-web\\5.3.5.RELEASE\\spring-security-web-5.3.5.RELEASE.jar","sourceContainerUrl":"file:/C:/Users/olutayo.adelodun/.m2/repository/org/springframework/security/spring-security-web/5.3.5.RELEASE/spring-security-web-5.3.5.RELEASE-sources.jar","javadocContainerUrl":"file:/C:/Users/olutayo.adelodun/.m2/repository/org/springframework/security/spring-security-web/5.3.5.RELEASE/spring-security-web-5.3.5.RELEASE-javadoc.jar","isSystem":false,"isOwn":false,"isTest":false,"isJavaContent":false},{"kind":"binary","path":"C:\\Users\\olutayo.adelodun\\.m2\\repository\\org\\postgresql\\postgresql\\42.2.18\\postgresql-42.2.18.jar","sourceContainerUrl":"file:/C:/Users/olutayo.adelodun/.m2/repository/org/postgresql/postgresql/42.2.18/postgresql-42.2.18-sources.jar","javadocContainerUrl":"file:/C:/Users/olutayo.adelodun/.m2/repository/org/postgresql/postgresql/42.2.18/postgresql-42.2.18-javadoc.jar","isSystem":false,"isOwn":false,"isTest":false,"isJavaContent":false},{"kind":"binary","path":"C:\\Users\\olutayo.adelodun\\.m2\\repository\\org\\checkerframework\\checker-qual\\3.5.0\\checker-qual-3.5.0.jar","sourceContainerUrl":"file:/C:/Users/olutayo.adelodun/.m2/repository/org/checkerframework/checker-qual/3.5.0/checker-qual-3.5.0-sources.jar","javadocContainerUrl":"file:/C:/Users/olutayo.adelodun/.m2/repository/org/checkerframework/checker-qual/3.5.0/checker-qual-3.5.0-javadoc.jar","isSystem":false,"isOwn":false,"isTest":false,"isJavaContent":false},{"kind":"binary","path":"C:\\Users\\olutayo.adelodun\\.m2\\repository\\io\\springfox\\springfox-boot-starter\\3.0.0\\springfox-boot-starter-3.0.0.jar","sourceContainerUrl":"file:/C:/Users/olutayo.adelodun/.m2/repository/io/springfox/springfox-boot-starter/3.0.0/springfox-boot-starter-3.0.0-sources.jar","javadocContainerUrl":"file:/C:/Users/olutayo.adelodun/.m2/repository/io/springfox/springfox-boot-starter/3.0.0/springfox-boot-starter-3.0.0-javadoc.jar","isSystem":false,"isOwn":false,"isTest":false,"isJavaContent":false},{"kind":"binary","path":"C:\\Users\\olutayo.adelodun\\.m2\\repository\\io\\springfox\\springfox-data-rest\\3.0.0\\springfox-data-rest-3.0.0.jar","sourceContainerUrl":"file:/C:/Users/olutayo.adelodun/.m2/repository/io/springfox/springfox-data-rest/3.0.0/springfox-data-rest-3.0.0-sources.jar","javadocContainerUrl":"file:/C:/Users/olutayo.adelodun/.m2/repository/io/springfox/springfox-data-rest/3.0.0/springfox-data-rest-3.0.0-javadoc.jar","isSystem":false,"isOwn":false,"isTest":false,"isJavaContent":false},{"kind":"binary","path":"C:\\Users\\olutayo.adelodun\\.m2\\repository\\io\\springfox\\springfox-bean-validators\\3.0.0\\springfox-bean-validators-3.0.0.jar","sourceContainerUrl":"file:/C:/Users/olutayo.adelodun/.m2/repository/io/springfox/springfox-bean-validators/3.0.0/springfox-bean-validators-3.0.0-sources.jar","javadocContainerUrl":"file:/C:/Users/olutayo.adelodun/.m2/repository/io/springfox/springfox-bean-validators/3.0.0/springfox-bean-validators-3.0.0-javadoc.jar","isSystem":false,"isOwn":false,"isTest":false,"isJavaContent":false},{"kind":"binary","path":"C:\\Users\\olutayo.adelodun\\.m2\\repository\\io\\springfox\\springfox-swagger2\\3.0.0\\springfox-swagger2-3.0.0.jar","sourceContainerUrl":"file:/C:/Users/olutayo.adelodun/.m2/repository/io/springfox/springfox-swagger2/3.0.0/springfox-swagger2-3.0.0-sources.jar","javadocContainerUrl":"file:/C:/Users/olutayo.adelodun/.m2/repository/io/springfox/springfox-swagger2/3.0.0/springfox-swagger2-3.0.0-javadoc.jar","isSystem":false,"isOwn":false,"isTest":false,"isJavaContent":false},{"kind":"binary","path":"C:\\Users\\olutayo.adelodun\\.m2\\repository\\io\\swagger\\swagger-annotations\\1.5.20\\swagger-annotations-1.5.20.jar","sourceContainerUrl":"file:/C:/Users/olutayo.adelodun/.m2/repository/io/swagger/swagger-annotations/1.5.20/swagger-annotations-1.5.20-sources.jar","javadocContainerUrl":"file:/C:/Users/olutayo.adelodun/.m2/repository/io/swagger/swagger-annotations/1.5.20/swagger-annotations-1.5.20-javadoc.jar","isSystem":false,"isOwn":false,"isTest":false,"isJavaContent":false},{"kind":"binary","path":"C:\\Users\\olutayo.adelodun\\.m2\\repository\\io\\swagger\\swagger-models\\1.5.20\\swagger-models-1.5.20.jar","sourceContainerUrl":"file:/C:/Users/olutayo.adelodun/.m2/repository/io/swagger/swagger-models/1.5.20/swagger-models-1.5.20-sources.jar","javadocContainerUrl":"file:/C:/Users/olutayo.adelodun/.m2/repository/io/swagger/swagger-models/1.5.20/swagger-models-1.5.20-javadoc.jar","isSystem":false,"isOwn":false,"isTest":false,"isJavaContent":false},{"kind":"binary","path":"C:\\Users\\olutayo.adelodun\\.m2\\repository\\io\\springfox\\springfox-swagger-ui\\3.0.0\\springfox-swagger-ui-3.0.0.jar","sourceContainerUrl":"file:/C:/Users/olutayo.adelodun/.m2/repository/io/springfox/springfox-swagger-ui/3.0.0/springfox-swagger-ui-3.0.0-sources.jar","javadocContainerUrl":"file:/C:/Users/olutayo.adelodun/.m2/repository/io/springfox/springfox-swagger-ui/3.0.0/springfox-swagger-ui-3.0.0-javadoc.jar","isSystem":false,"isOwn":false,"isTest":false,"isJavaContent":false},{"kind":"binary","path":"C:\\Users\\olutayo.adelodun\\.m2\\repository\\com\\fasterxml\\classmate\\1.5.1\\classmate-1.5.1.jar","sourceContainerUrl":"file:/C:/Users/olutayo.adelodun/.m2/repository/com/fasterxml/classmate/1.5.1/classmate-1.5.1-sources.jar","javadocContainerUrl":"file:/C:/Users/olutayo.adelodun/.m2/repository/com/fasterxml/classmate/1.5.1/classmate-1.5.1-javadoc.jar","isSystem":false,"isOwn":false,"isTest":false,"isJavaContent":false},{"kind":"binary","path":"C:\\Users\\olutayo.adelodun\\.m2\\repository\\org\\slf4j\\slf4j-api\\1.7.30\\slf4j-api-1.7.30.jar","sourceContainerUrl":"file:/C:/Users/olutayo.adelodun/.m2/repository/org/slf4j/slf4j-api/1.7.30/slf4j-api-1.7.30-sources.jar","javadocContainerUrl":"file:/C:/Users/olutayo.adelodun/.m2/repository/org/slf4j/slf4j-api/1.7.30/slf4j-api-1.7.30-javadoc.jar","isSystem":false,"isOwn":false,"isTest":false,"isJavaContent":false},{"kind":"binary","path":"C:\\Users\\olutayo.adelodun\\.m2\\repository\\org\\springframework\\plugin\\spring-plugin-core\\2.0.0.RELEASE\\spring-plugin-core-2.0.0.RELEASE.jar","sourceContainerUrl":"file:/C:/Users/olutayo.adelodun/.m2/repository/org/springframework/plugin/spring-plugin-core/2.0.0.RELEASE/spring-plugin-core-2.0.0.RELEASE-sources.jar","javadocContainerUrl":"file:/C:/Users/olutayo.adelodun/.m2/repository/org/springframework/plugin/spring-plugin-core/2.0.0.RELEASE/spring-plugin-core-2.0.0.RELEASE-javadoc.jar","isSystem":false,"isOwn":false,"isTest":false,"isJavaContent":false},{"kind":"binary","path":"C:\\Users\\olutayo.adelodun\\.m2\\repository\\org\\springframework\\plugin\\spring-plugin-metadata\\2.0.0.RELEASE\\spring-plugin-metadata-2.0.0.RELEASE.jar","sourceContainerUrl":"file:/C:/Users/olutayo.adelodun/.m2/repository/org/springframework/plugin/spring-plugin-metadata/2.0.0.RELEASE/spring-plugin-metadata-2.0.0.RELEASE-sources.jar","javadocContainerUrl":"file:/C:/Users/olutayo.adelodun/.m2/repository/org/springframework/plugin/spring-plugin-metadata/2.0.0.RELEASE/spring-plugin-metadata-2.0.0.RELEASE-javadoc.jar","isSystem":false,"isOwn":false,"isTest":false,"isJavaContent":false},{"kind":"binary","path":"C:\\Users\\olutayo.adelodun\\.m2\\repository\\io\\springfox\\springfox-oas\\3.0.0\\springfox-oas-3.0.0.jar","sourceContainerUrl":"file:/C:/Users/olutayo.adelodun/.m2/repository/io/springfox/springfox-oas/3.0.0/springfox-oas-3.0.0-sources.jar","javadocContainerUrl":"file:/C:/Users/olutayo.adelodun/.m2/repository/io/springfox/springfox-oas/3.0.0/springfox-oas-3.0.0-javadoc.jar","isSystem":false,"isOwn":false,"isTest":false,"isJavaContent":false},{"kind":"binary","path":"C:\\Users\\olutayo.adelodun\\.m2\\repository\\io\\swagger\\core\\v3\\swagger-annotations\\2.1.2\\swagger-annotations-2.1.2.jar","sourceContainerUrl":"file:/C:/Users/olutayo.adelodun/.m2/repository/io/swagger/core/v3/swagger-annotations/2.1.2/swagger-annotations-2.1.2-sources.jar","javadocContainerUrl":"file:/C:/Users/olutayo.adelodun/.m2/repository/io/swagger/core/v3/swagger-annotations/2.1.2/swagger-annotations-2.1.2-javadoc.jar","isSystem":false,"isOwn":false,"isTest":false,"isJavaContent":false},{"kind":"binary","path":"C:\\Users\\olutayo.adelodun\\.m2\\repository\\io\\swagger\\core\\v3\\swagger-models\\2.1.2\\swagger-models-2.1.2.jar","sourceContainerUrl":"file:/C:/Users/olutayo.adelodun/.m2/repository/io/swagger/core/v3/swagger-models/2.1.2/swagger-models-2.1.2-sources.jar","javadocContainerUrl":"file:/C:/Users/olutayo.adelodun/.m2/repository/io/swagger/core/v3/swagger-models/2.1.2/swagger-models-2.1.2-javadoc.jar","isSystem":false,"isOwn":false,"isTest":false,"isJavaContent":false},{"kind":"binary","path":"C:\\Users\\olutayo.adelodun\\.m2\\repository\\com\\fasterxml\\jackson\\core\\jackson-annotations\\2.11.3\\jackson-annotations-2.11.3.jar","sourceContainerUrl":"file:/C:/Users/olutayo.adelodun/.m2/repository/com/fasterxml/jackson/core/jackson-annotations/2.11.3/jackson-annotations-2.11.3-sources.jar","javadocContainerUrl":"file:/C:/Users/olutayo.adelodun/.m2/repository/com/fasterxml/jackson/core/jackson-annotations/2.11.3/jackson-annotations-2.11.3-javadoc.jar","isSystem":false,"isOwn":false,"isTest":false,"isJavaContent":false},{"kind":"binary","path":"C:\\Users\\olutayo.adelodun\\.m2\\repository\\io\\springfox\\springfox-spi\\3.0.0\\springfox-spi-3.0.0.jar","sourceContainerUrl":"file:/C:/Users/olutayo.adelodun/.m2/repository/io/springfox/springfox-spi/3.0.0/springfox-spi-3.0.0-sources.jar","javadocContainerUrl":"file:/C:/Users/olutayo.adelodun/.m2/repository/io/springfox/springfox-spi/3.0.0/springfox-spi-3.0.0-javadoc.jar","isSystem":false,"isOwn":false,"isTest":false,"isJavaContent":false},{"kind":"binary","path":"C:\\Users\\olutayo.adelodun\\.m2\\repository\\io\\springfox\\springfox-schema\\3.0.0\\springfox-schema-3.0.0.jar","sourceContainerUrl":"file:/C:/Users/olutayo.adelodun/.m2/repository/io/springfox/springfox-schema/3.0.0/springfox-schema-3.0.0-sources.jar","javadocContainerUrl":"file:/C:/Users/olutayo.adelodun/.m2/repository/io/springfox/springfox-schema/3.0.0/springfox-schema-3.0.0-javadoc.jar","isSystem":false,"isOwn":false,"isTest":false,"isJavaContent":false},{"kind":"binary","path":"C:\\Users\\olutayo.adelodun\\.m2\\repository\\io\\springfox\\springfox-core\\3.0.0\\springfox-core-3.0.0.jar","sourceContainerUrl":"file:/C:/Users/olutayo.adelodun/.m2/repository/io/springfox/springfox-core/3.0.0/springfox-core-3.0.0-sources.jar","javadocContainerUrl":"file:/C:/Users/olutayo.adelodun/.m2/repository/io/springfox/springfox-core/3.0.0/springfox-core-3.0.0-javadoc.jar","isSystem":false,"isOwn":false,"isTest":false,"isJavaContent":false},{"kind":"binary","path":"C:\\Users\\olutayo.adelodun\\.m2\\repository\\io\\springfox\\springfox-spring-web\\3.0.0\\springfox-spring-web-3.0.0.jar","sourceContainerUrl":"file:/C:/Users/olutayo.adelodun/.m2/repository/io/springfox/springfox-spring-web/3.0.0/springfox-spring-web-3.0.0-sources.jar","javadocContainerUrl":"file:/C:/Users/olutayo.adelodun/.m2/repository/io/springfox/springfox-spring-web/3.0.0/springfox-spring-web-3.0.0-javadoc.jar","isSystem":false,"isOwn":false,"isTest":false,"isJavaContent":false},{"kind":"binary","path":"C:\\Users\\olutayo.adelodun\\.m2\\repository\\io\\github\\classgraph\\classgraph\\4.8.83\\classgraph-4.8.83.jar","sourceContainerUrl":"file:/C:/Users/olutayo.adelodun/.m2/repository/io/github/classgraph/classgraph/4.8.83/classgraph-4.8.83-sources.jar","javadocContainerUrl":"file:/C:/Users/olutayo.adelodun/.m2/repository/io/github/classgraph/classgraph/4.8.83/classgraph-4.8.83-javadoc.jar","isSystem":false,"isOwn":false,"isTest":false,"isJavaContent":false},{"kind":"binary","path":"C:\\Users\\olutayo.adelodun\\.m2\\repository\\io\\springfox\\springfox-spring-webmvc\\3.0.0\\springfox-spring-webmvc-3.0.0.jar","sourceContainerUrl":"file:/C:/Users/olutayo.adelodun/.m2/repository/io/springfox/springfox-spring-webmvc/3.0.0/springfox-spring-webmvc-3.0.0-sources.jar","javadocContainerUrl":"file:/C:/Users/olutayo.adelodun/.m2/repository/io/springfox/springfox-spring-webmvc/3.0.0/springfox-spring-webmvc-3.0.0-javadoc.jar","isSystem":false,"isOwn":false,"isTest":false,"isJavaContent":false},{"kind":"binary","path":"C:\\Users\\olutayo.adelodun\\.m2\\repository\\io\\springfox\\springfox-spring-webflux\\3.0.0\\springfox-spring-webflux-3.0.0.jar","sourceContainerUrl":"file:/C:/Users/olutayo.adelodun/.m2/repository/io/springfox/springfox-spring-webflux/3.0.0/springfox-spring-webflux-3.0.0-sources.jar","javadocContainerUrl":"file:/C:/Users/olutayo.adelodun/.m2/repository/io/springfox/springfox-spring-webflux/3.0.0/springfox-spring-webflux-3.0.0-javadoc.jar","isSystem":false,"isOwn":false,"isTest":false,"isJavaContent":false},{"kind":"binary","path":"C:\\Users\\olutayo.adelodun\\.m2\\repository\\io\\springfox\\springfox-swagger-common\\3.0.0\\springfox-swagger-common-3.0.0.jar","sourceContainerUrl":"file:/C:/Users/olutayo.adelodun/.m2/repository/io/springfox/springfox-swagger-common/3.0.0/springfox-swagger-common-3.0.0-sources.jar","javadocContainerUrl":"file:/C:/Users/olutayo.adelodun/.m2/repository/io/springfox/springfox-swagger-common/3.0.0/springfox-swagger-common-3.0.0-javadoc.jar","isSystem":false,"isOwn":false,"isTest":false,"isJavaContent":false},{"kind":"binary","path":"C:\\Users\\olutayo.adelodun\\.m2\\repository\\io\\jsonwebtoken\\jjwt\\0.9.1\\jjwt-0.9.1.jar","sourceContainerUrl":"file:/C:/Users/olutayo.adelodun/.m2/repository/io/jsonwebtoken/jjwt/0.9.1/jjwt-0.9.1-sources.jar","javadocContainerUrl":"file:/C:/Users/olutayo.adelodun/.m2/repository/io/jsonwebtoken/jjwt/0.9.1/jjwt-0.9.1-javadoc.jar","isSystem":false,"isOwn":false,"isTest":false,"isJavaContent":false},{"kind":"binary","path":"C:\\Users\\olutayo.adelodun\\.m2\\repository\\com\\fasterxml\\jackson\\core\\jackson-databind\\2.11.3\\jackson-databind-2.11.3.jar","sourceContainerUrl":"file:/C:/Users/olutayo.adelodun/.m2/repository/com/fasterxml/jackson/core/jackson-databind/2.11.3/jackson-databind-2.11.3-sources.jar","javadocContainerUrl":"file:/C:/Users/olutayo.adelodun/.m2/repository/com/fasterxml/jackson/core/jackson-databind/2.11.3/jackson-databind-2.11.3-javadoc.jar","isSystem":false,"isOwn":false,"isTest":false,"isJavaContent":false},{"kind":"binary","path":"C:\\Users\\olutayo.adelodun\\.m2\\repository\\com\\fasterxml\\jackson\\core\\jackson-core\\2.11.3\\jackson-core-2.11.3.jar","sourceContainerUrl":"file:/C:/Users/olutayo.adelodun/.m2/repository/com/fasterxml/jackson/core/jackson-core/2.11.3/jackson-core-2.11.3-sources.jar","javadocContainerUrl":"file:/C:/Users/olutayo.adelodun/.m2/repository/com/fasterxml/jackson/core/jackson-core/2.11.3/jackson-core-2.11.3-javadoc.jar","isSystem":false,"isOwn":false,"isTest":false,"isJavaContent":false},{"kind":"binary","path":"C:\\Users\\olutayo.adelodun\\.m2\\repository\\org\\projectlombok\\lombok\\1.18.6\\lombok-1.18.6.jar","sourceContainerUrl":"file:/C:/Users/olutayo.adelodun/.m2/repository/org/projectlombok/lombok/1.18.6/lombok-1.18.6-sources.jar","javadocContainerUrl":"file:/C:/Users/olutayo.adelodun/.m2/repository/org/projectlombok/lombok/1.18.6/lombok-1.18.6-javadoc.jar","isSystem":false,"isOwn":false,"isTest":false,"isJavaContent":false},{"kind":"binary","path":"C:\\Users\\olutayo.adelodun\\.m2\\repository\\org\\mapstruct\\mapstruct\\1.4.1.Final\\mapstruct-1.4.1.Final.jar","sourceContainerUrl":"file:/C:/Users/olutayo.adelodun/.m2/repository/org/mapstruct/mapstruct/1.4.1.Final/mapstruct-1.4.1.Final-sources.jar","javadocContainerUrl":"file:/C:/Users/olutayo.adelodun/.m2/repository/org/mapstruct/mapstruct/1.4.1.Final/mapstruct-1.4.1.Final-javadoc.jar","isSystem":false,"isOwn":false,"isTest":false,"isJavaContent":false},{"kind":"binary","path":"C:\\Users\\olutayo.adelodun\\.m2\\repository\\org\\springframework\\boot\\spring-boot-starter-test\\2.3.5.RELEASE\\spring-boot-starter-test-2.3.5.RELEASE.jar","sourceContainerUrl":"file:/C:/Users/olutayo.adelodun/.m2/repository/org/springframework/boot/spring-boot-starter-test/2.3.5.RELEASE/spring-boot-starter-test-2.3.5.RELEASE-sources.jar","javadocContainerUrl":"file:/C:/Users/olutayo.adelodun/.m2/repository/org/springframework/boot/spring-boot-starter-test/2.3.5.RELEASE/spring-boot-starter-test-2.3.5.RELEASE-javadoc.jar","isSystem":false,"isOwn":false,"isTest":false,"isJavaContent":false},{"kind":"binary","path":"C:\\Users\\olutayo.adelodun\\.m2\\repository\\org\\springframework\\boot\\spring-boot-test\\2.3.5.RELEASE\\spring-boot-test-2.3.5.RELEASE.jar","sourceContainerUrl":"file:/C:/Users/olutayo.adelodun/.m2/repository/org/springframework/boot/spring-boot-test/2.3.5.RELEASE/spring-boot-test-2.3.5.RELEASE-sources.jar","javadocContainerUrl":"file:/C:/Users/olutayo.adelodun/.m2/repository/org/springframework/boot/spring-boot-test/2.3.5.RELEASE/spring-boot-test-2.3.5.RELEASE-javadoc.jar","isSystem":false,"isOwn":false,"isTest":false,"isJavaContent":false},{"kind":"binary","path":"C:\\Users\\olutayo.adelodun\\.m2\\repository\\org\\springframework\\boot\\spring-boot-test-autoconfigure\\2.3.5.RELEASE\\spring-boot-test-autoconfigure-2.3.5.RELEASE.jar","sourceContainerUrl":"file:/C:/Users/olutayo.adelodun/.m2/repository/org/springframework/boot/spring-boot-test-autoconfigure/2.3.5.RELEASE/spring-boot-test-autoconfigure-2.3.5.RELEASE-sources.jar","javadocContainerUrl":"file:/C:/Users/olutayo.adelodun/.m2/repository/org/springframework/boot/spring-boot-test-autoconfigure/2.3.5.RELEASE/spring-boot-test-autoconfigure-2.3.5.RELEASE-javadoc.jar","isSystem":false,"isOwn":false,"isTest":false,"isJavaContent":false},{"kind":"binary","path":"C:\\Users\\olutayo.adelodun\\.m2\\repository\\com\\jayway\\jsonpath\\json-path\\2.4.0\\json-path-2.4.0.jar","sourceContainerUrl":"file:/C:/Users/olutayo.adelodun/.m2/repository/com/jayway/jsonpath/json-path/2.4.0/json-path-2.4.0-sources.jar","javadocContainerUrl":"file:/C:/Users/olutayo.adelodun/.m2/repository/com/jayway/jsonpath/json-path/2.4.0/json-path-2.4.0-javadoc.jar","isSystem":false,"isOwn":false,"isTest":false,"isJavaContent":false},{"kind":"binary","path":"C:\\Users\\olutayo.adelodun\\.m2\\repository\\net\\minidev\\json-smart\\2.3\\json-smart-2.3.jar","sourceContainerUrl":"file:/C:/Users/olutayo.adelodun/.m2/repository/net/minidev/json-smart/2.3/json-smart-2.3-sources.jar","javadocContainerUrl":"file:/C:/Users/olutayo.adelodun/.m2/repository/net/minidev/json-smart/2.3/json-smart-2.3-javadoc.jar","isSystem":false,"isOwn":false,"isTest":false,"isJavaContent":false},{"kind":"binary","path":"C:\\Users\\olutayo.adelodun\\.m2\\repository\\net\\minidev\\accessors-smart\\1.2\\accessors-smart-1.2.jar","sourceContainerUrl":"file:/C:/Users/olutayo.adelodun/.m2/repository/net/minidev/accessors-smart/1.2/accessors-smart-1.2-sources.jar","javadocContainerUrl":"file:/C:/Users/olutayo.adelodun/.m2/repository/net/minidev/accessors-smart/1.2/accessors-smart-1.2-javadoc.jar","isSystem":false,"isOwn":false,"isTest":false,"isJavaContent":false},{"kind":"binary","path":"C:\\Users\\olutayo.adelodun\\.m2\\repository\\org\\ow2\\asm\\asm\\5.0.4\\asm-5.0.4.jar","sourceContainerUrl":"file:/C:/Users/olutayo.adelodun/.m2/repository/org/ow2/asm/asm/5.0.4/asm-5.0.4-sources.jar","javadocContainerUrl":"file:/C:/Users/olutayo.adelodun/.m2/repository/org/ow2/asm/asm/5.0.4/asm-5.0.4-javadoc.jar","isSystem":false,"isOwn":false,"isTest":false,"isJavaContent":false},{"kind":"binary","path":"C:\\Users\\olutayo.adelodun\\.m2\\repository\\jakarta\\xml\\bind\\jakarta.xml.bind-api\\2.3.3\\jakarta.xml.bind-api-2.3.3.jar","sourceContainerUrl":"file:/C:/Users/olutayo.adelodun/.m2/repository/jakarta/xml/bind/jakarta.xml.bind-api/2.3.3/jakarta.xml.bind-api-2.3.3-sources.jar","javadocContainerUrl":"file:/C:/Users/olutayo.adelodun/.m2/repository/jakarta/xml/bind/jakarta.xml.bind-api/2.3.3/jakarta.xml.bind-api-2.3.3-javadoc.jar","isSystem":false,"isOwn":false,"isTest":false,"isJavaContent":false},{"kind":"binary","path":"C:\\Users\\olutayo.adelodun\\.m2\\repository\\jakarta\\activation\\jakarta.activation-api\\1.2.2\\jakarta.activation-api-1.2.2.jar","sourceContainerUrl":"file:/C:/Users/olutayo.adelodun/.m2/repository/jakarta/activation/jakarta.activation-api/1.2.2/jakarta.activation-api-1.2.2-sources.jar","javadocContainerUrl":"file:/C:/Users/olutayo.adelodun/.m2/repository/jakarta/activation/jakarta.activation-api/1.2.2/jakarta.activation-api-1.2.2-javadoc.jar","isSystem":false,"isOwn":false,"isTest":false,"isJavaContent":false},{"kind":"binary","path":"C:\\Users\\olutayo.adelodun\\.m2\\repository\\org\\assertj\\assertj-core\\3.16.1\\assertj-core-3.16.1.jar","sourceContainerUrl":"file:/C:/Users/olutayo.adelodun/.m2/repository/org/assertj/assertj-core/3.16.1/assertj-core-3.16.1-sources.jar","javadocContainerUrl":"file:/C:/Users/olutayo.adelodun/.m2/repository/org/assertj/assertj-core/3.16.1/assertj-core-3.16.1-javadoc.jar","isSystem":false,"isOwn":false,"isTest":false,"isJavaContent":false},{"kind":"binary","path":"C:\\Users\\olutayo.adelodun\\.m2\\repository\\org\\hamcrest\\hamcrest\\2.2\\hamcrest-2.2.jar","sourceContainerUrl":"file:/C:/Users/olutayo.adelodun/.m2/repository/org/hamcrest/hamcrest/2.2/hamcrest-2.2-sources.jar","javadocContainerUrl":"file:/C:/Users/olutayo.adelodun/.m2/repository/org/hamcrest/hamcrest/2.2/hamcrest-2.2-javadoc.jar","isSystem":false,"isOwn":false,"isTest":false,"isJavaContent":false},{"kind":"binary","path":"C:\\Users\\olutayo.adelodun\\.m2\\repository\\org\\junit\\jupiter\\junit-jupiter\\5.6.3\\junit-jupiter-5.6.3.jar","sourceContainerUrl":"file:/C:/Users/olutayo.adelodun/.m2/repository/org/junit/jupiter/junit-jupiter/5.6.3/junit-jupiter-5.6.3-sources.jar","javadocContainerUrl":"file:/C:/Users/olutayo.adelodun/.m2/repository/org/junit/jupiter/junit-jupiter/5.6.3/junit-jupiter-5.6.3-javadoc.jar","isSystem":false,"isOwn":false,"isTest":false,"isJavaContent":false},{"kind":"binary","path":"C:\\Users\\olutayo.adelodun\\.m2\\repository\\org\\junit\\jupiter\\junit-jupiter-api\\5.6.3\\junit-jupiter-api-5.6.3.jar","sourceContainerUrl":"file:/C:/Users/olutayo.adelodun/.m2/repository/org/junit/jupiter/junit-jupiter-api/5.6.3/junit-jupiter-api-5.6.3-sources.jar","javadocContainerUrl":"file:/C:/Users/olutayo.adelodun/.m2/repository/org/junit/jupiter/junit-jupiter-api/5.6.3/junit-jupiter-api-5.6.3-javadoc.jar","isSystem":false,"isOwn":false,"isTest":false,"isJavaContent":false},{"kind":"binary","path":"C:\\Users\\olutayo.adelodun\\.m2\\repository\\org\\junit\\jupiter\\junit-jupiter-params\\5.6.3\\junit-jupiter-params-5.6.3.jar","sourceContainerUrl":"file:/C:/Users/olutayo.adelodun/.m2/repository/org/junit/jupiter/junit-jupiter-params/5.6.3/junit-jupiter-params-5.6.3-sources.jar","javadocContainerUrl":"file:/C:/Users/olutayo.adelodun/.m2/repository/org/junit/jupiter/junit-jupiter-params/5.6.3/junit-jupiter-params-5.6.3-javadoc.jar","isSystem":false,"isOwn":false,"isTest":false,"isJavaContent":false},{"kind":"binary","path":"C:\\Users\\olutayo.adelodun\\.m2\\repository\\org\\junit\\jupiter\\junit-jupiter-engine\\5.6.3\\junit-jupiter-engine-5.6.3.jar","sourceContainerUrl":"file:/C:/Users/olutayo.adelodun/.m2/repository/org/junit/jupiter/junit-jupiter-engine/5.6.3/junit-jupiter-engine-5.6.3-sources.jar","javadocContainerUrl":"file:/C:/Users/olutayo.adelodun/.m2/repository/org/junit/jupiter/junit-jupiter-engine/5.6.3/junit-jupiter-engine-5.6.3-javadoc.jar","isSystem":false,"isOwn":false,"isTest":false,"isJavaContent":false},{"kind":"binary","path":"C:\\Users\\olutayo.adelodun\\.m2\\repository\\org\\mockito\\mockito-core\\3.3.3\\mockito-core-3.3.3.jar","sourceContainerUrl":"file:/C:/Users/olutayo.adelodun/.m2/repository/org/mockito/mockito-core/3.3.3/mockito-core-3.3.3-sources.jar","javadocContainerUrl":"file:/C:/Users/olutayo.adelodun/.m2/repository/org/mockito/mockito-core/3.3.3/mockito-core-3.3.3-javadoc.jar","isSystem":false,"isOwn":false,"isTest":false,"isJavaContent":false},{"kind":"binary","path":"C:\\Users\\olutayo.adelodun\\.m2\\repository\\net\\bytebuddy\\byte-buddy-agent\\1.10.17\\byte-buddy-agent-1.10.17.jar","sourceContainerUrl":"file:/C:/Users/olutayo.adelodun/.m2/repository/net/bytebuddy/byte-buddy-agent/1.10.17/byte-buddy-agent-1.10.17-sources.jar","javadocContainerUrl":"file:/C:/Users/olutayo.adelodun/.m2/repository/net/bytebuddy/byte-buddy-agent/1.10.17/byte-buddy-agent-1.10.17-javadoc.jar","isSystem":false,"isOwn":false,"isTest":false,"isJavaContent":false},{"kind":"binary","path":"C:\\Users\\olutayo.adelodun\\.m2\\repository\\org\\objenesis\\objenesis\\2.6\\objenesis-2.6.jar","sourceContainerUrl":"file:/C:/Users/olutayo.adelodun/.m2/repository/org/objenesis/objenesis/2.6/objenesis-2.6-sources.jar","javadocContainerUrl":"file:/C:/Users/olutayo.adelodun/.m2/repository/org/objenesis/objenesis/2.6/objenesis-2.6-javadoc.jar","isSystem":false,"isOwn":false,"isTest":false,"isJavaContent":false},{"kind":"binary","path":"C:\\Users\\olutayo.adelodun\\.m2\\repository\\org\\mockito\\mockito-junit-jupiter\\3.3.3\\mockito-junit-jupiter-3.3.3.jar","sourceContainerUrl":"file:/C:/Users/olutayo.adelodun/.m2/repository/org/mockito/mockito-junit-jupiter/3.3.3/mockito-junit-jupiter-3.3.3-sources.jar","javadocContainerUrl":"file:/C:/Users/olutayo.adelodun/.m2/repository/org/mockito/mockito-junit-jupiter/3.3.3/mockito-junit-jupiter-3.3.3-javadoc.jar","isSystem":false,"isOwn":false,"isTest":false,"isJavaContent":false},{"kind":"binary","path":"C:\\Users\\olutayo.adelodun\\.m2\\repository\\org\\skyscreamer\\jsonassert\\1.5.0\\jsonassert-1.5.0.jar","sourceContainerUrl":"file:/C:/Users/olutayo.adelodun/.m2/repository/org/skyscreamer/jsonassert/1.5.0/jsonassert-1.5.0-sources.jar","javadocContainerUrl":"file:/C:/Users/olutayo.adelodun/.m2/repository/org/skyscreamer/jsonassert/1.5.0/jsonassert-1.5.0-javadoc.jar","isSystem":false,"isOwn":false,"isTest":false,"isJavaContent":false},{"kind":"binary","path":"C:\\Users\\olutayo.adelodun\\.m2\\repository\\com\\vaadin\\external\\google\\android-json\\0.0.20131108.vaadin1\\android-json-0.0.20131108.vaadin1.jar","sourceContainerUrl":"file:/C:/Users/olutayo.adelodun/.m2/repository/com/vaadin/external/google/android-json/0.0.20131108.vaadin1/android-json-0.0.20131108.vaadin1-sources.jar","javadocContainerUrl":"file:/C:/Users/olutayo.adelodun/.m2/repository/com/vaadin/external/google/android-json/0.0.20131108.vaadin1/android-json-0.0.20131108.vaadin1-javadoc.jar","isSystem":false,"isOwn":false,"isTest":false,"isJavaContent":false},{"kind":"binary","path":"C:\\Users\\olutayo.adelodun\\.m2\\repository\\org\\springframework\\spring-core\\5.2.10.RELEASE\\spring-core-5.2.10.RELEASE.jar","sourceContainerUrl":"file:/C:/Users/olutayo.adelodun/.m2/repository/org/springframework/spring-core/5.2.10.RELEASE/spring-core-5.2.10.RELEASE-sources.jar","javadocContainerUrl":"file:/C:/Users/olutayo.adelodun/.m2/repository/org/springframework/spring-core/5.2.10.RELEASE/spring-core-5.2.10.RELEASE-javadoc.jar","isSystem":false,"isOwn":false,"isTest":false,"isJavaContent":false},{"kind":"binary","path":"C:\\Users\\olutayo.adelodun\\.m2\\repository\\org\\springframework\\spring-jcl\\5.2.10.RELEASE\\spring-jcl-5.2.10.RELEASE.jar","sourceContainerUrl":"file:/C:/Users/olutayo.adelodun/.m2/repository/org/springframework/spring-jcl/5.2.10.RELEASE/spring-jcl-5.2.10.RELEASE-sources.jar","javadocContainerUrl":"file:/C:/Users/olutayo.adelodun/.m2/repository/org/springframework/spring-jcl/5.2.10.RELEASE/spring-jcl-5.2.10.RELEASE-javadoc.jar","isSystem":false,"isOwn":false,"isTest":false,"isJavaContent":false},{"kind":"binary","path":"C:\\Users\\olutayo.adelodun\\.m2\\repository\\org\\springframework\\spring-test\\5.2.10.RELEASE\\spring-test-5.2.10.RELEASE.jar","sourceContainerUrl":"file:/C:/Users/olutayo.adelodun/.m2/repository/org/springframework/spring-test/5.2.10.RELEASE/spring-test-5.2.10.RELEASE-sources.jar","javadocContainerUrl":"file:/C:/Users/olutayo.adelodun/.m2/repository/org/springframework/spring-test/5.2.10.RELEASE/spring-test-5.2.10.RELEASE-javadoc.jar","isSystem":false,"isOwn":false,"isTest":false,"isJavaContent":false},{"kind":"binary","path":"C:\\Users\\olutayo.adelodun\\.m2\\repository\\org\\xmlunit\\xmlunit-core\\2.7.0\\xmlunit-core-2.7.0.jar","sourceContainerUrl":"file:/C:/Users/olutayo.adelodun/.m2/repository/org/xmlunit/xmlunit-core/2.7.0/xmlunit-core-2.7.0-sources.jar","javadocContainerUrl":"file:/C:/Users/olutayo.adelodun/.m2/repository/org/xmlunit/xmlunit-core/2.7.0/xmlunit-core-2.7.0-javadoc.jar","isSystem":false,"isOwn":false,"isTest":false,"isJavaContent":false},{"kind":"binary","path":"C:\\Users\\olutayo.adelodun\\.m2\\repository\\com\\intellij\\annotations\\12.0\\annotations-12.0.jar","sourceContainerUrl":"file:/C:/Users/olutayo.adelodun/.m2/repository/com/intellij/annotations/12.0/annotations-12.0-sources.jar","javadocContainerUrl":"file:/C:/Users/olutayo.adelodun/.m2/repository/com/intellij/annotations/12.0/annotations-12.0-javadoc.jar","isSystem":false,"isOwn":false,"isTest":false,"isJavaContent":false},{"kind":"binary","path":"C:\\Users\\olutayo.adelodun\\.m2\\repository\\io\\rest-assured\\rest-assured\\4.3.1\\rest-assured-4.3.1.jar","sourceContainerUrl":"file:/C:/Users/olutayo.adelodun/.m2/repository/io/rest-assured/rest-assured/4.3.1/rest-assured-4.3.1-sources.jar","javadocContainerUrl":"file:/C:/Users/olutayo.adelodun/.m2/repository/io/rest-assured/rest-assured/4.3.1/rest-assured-4.3.1-javadoc.jar","isSystem":false,"isOwn":false,"isTest":false,"isJavaContent":false},{"kind":"binary","path":"C:\\Users\\olutayo.adelodun\\.m2\\repository\\org\\codehaus\\groovy\\groovy\\2.5.13\\groovy-2.5.13.jar","sourceContainerUrl":"file:/C:/Users/olutayo.adelodun/.m2/repository/org/codehaus/groovy/groovy/2.5.13/groovy-2.5.13-sources.jar","javadocContainerUrl":"file:/C:/Users/olutayo.adelodun/.m2/repository/org/codehaus/groovy/groovy/2.5.13/groovy-2.5.13-javadoc.jar","isSystem":false,"isOwn":false,"isTest":false,"isJavaContent":false},{"kind":"binary","path":"C:\\Users\\olutayo.adelodun\\.m2\\repository\\org\\codehaus\\groovy\\groovy-xml\\2.5.13\\groovy-xml-2.5.13.jar","sourceContainerUrl":"file:/C:/Users/olutayo.adelodun/.m2/repository/org/codehaus/groovy/groovy-xml/2.5.13/groovy-xml-2.5.13-sources.jar","javadocContainerUrl":"file:/C:/Users/olutayo.adelodun/.m2/repository/org/codehaus/groovy/groovy-xml/2.5.13/groovy-xml-2.5.13-javadoc.jar","isSystem":false,"isOwn":false,"isTest":false,"isJavaContent":false},{"kind":"binary","path":"C:\\Users\\olutayo.adelodun\\.m2\\repository\\org\\apache\\httpcomponents\\httpclient\\4.5.13\\httpclient-4.5.13.jar","sourceContainerUrl":"file:/C:/Users/olutayo.adelodun/.m2/repository/org/apache/httpcomponents/httpclient/4.5.13/httpclient-4.5.13-sources.jar","javadocContainerUrl":"file:/C:/Users/olutayo.adelodun/.m2/repository/org/apache/httpcomponents/httpclient/4.5.13/httpclient-4.5.13-javadoc.jar","isSystem":false,"isOwn":false,"isTest":false,"isJavaContent":false},{"kind":"binary","path":"C:\\Users\\olutayo.adelodun\\.m2\\repository\\org\\apache\\httpcomponents\\httpcore\\4.4.13\\httpcore-4.4.13.jar","sourceContainerUrl":"file:/C:/Users/olutayo.adelodun/.m2/repository/org/apache/httpcomponents/httpcore/4.4.13/httpcore-4.4.13-sources.jar","javadocContainerUrl":"file:/C:/Users/olutayo.adelodun/.m2/repository/org/apache/httpcomponents/httpcore/4.4.13/httpcore-4.4.13-javadoc.jar","isSystem":false,"isOwn":false,"isTest":false,"isJavaContent":false},{"kind":"binary","path":"C:\\Users\\olutayo.adelodun\\.m2\\repository\\commons-codec\\commons-codec\\1.14\\commons-codec-1.14.jar","sourceContainerUrl":"file:/C:/Users/olutayo.adelodun/.m2/repository/commons-codec/commons-codec/1.14/commons-codec-1.14-sources.jar","javadocContainerUrl":"file:/C:/Users/olutayo.adelodun/.m2/repository/commons-codec/commons-codec/1.14/commons-codec-1.14-javadoc.jar","isSystem":false,"isOwn":false,"isTest":false,"isJavaContent":false},{"kind":"binary","path":"C:\\Users\\olutayo.adelodun\\.m2\\repository\\org\\apache\\httpcomponents\\httpmime\\4.5.13\\httpmime-4.5.13.jar","sourceContainerUrl":"file:/C:/Users/olutayo.adelodun/.m2/repository/org/apache/httpcomponents/httpmime/4.5.13/httpmime-4.5.13-sources.jar","javadocContainerUrl":"file:/C:/Users/olutayo.adelodun/.m2/repository/org/apache/httpcomponents/httpmime/4.5.13/httpmime-4.5.13-javadoc.jar","isSystem":false,"isOwn":false,"isTest":false,"isJavaContent":false},{"kind":"binary","path":"C:\\Users\\olutayo.adelodun\\.m2\\repository\\org\\ccil\\cowan\\tagsoup\\tagsoup\\1.2.1\\tagsoup-1.2.1.jar","sourceContainerUrl":"file:/C:/Users/olutayo.adelodun/.m2/repository/org/ccil/cowan/tagsoup/tagsoup/1.2.1/tagsoup-1.2.1-sources.jar","javadocContainerUrl":"file:/C:/Users/olutayo.adelodun/.m2/repository/org/ccil/cowan/tagsoup/tagsoup/1.2.1/tagsoup-1.2.1-javadoc.jar","isSystem":false,"isOwn":false,"isTest":false,"isJavaContent":false},{"kind":"binary","path":"C:\\Users\\olutayo.adelodun\\.m2\\repository\\io\\rest-assured\\rest-assured-common\\4.3.1\\rest-assured-common-4.3.1.jar","sourceContainerUrl":"file:/C:/Users/olutayo.adelodun/.m2/repository/io/rest-assured/rest-assured-common/4.3.1/rest-assured-common-4.3.1-sources.jar","javadocContainerUrl":"file:/C:/Users/olutayo.adelodun/.m2/repository/io/rest-assured/rest-assured-common/4.3.1/rest-assured-common-4.3.1-javadoc.jar","isSystem":false,"isOwn":false,"isTest":false,"isJavaContent":false},{"kind":"binary","path":"C:\\Users\\olutayo.adelodun\\.m2\\repository\\org\\apache\\commons\\commons-lang3\\3.10\\commons-lang3-3.10.jar","sourceContainerUrl":"file:/C:/Users/olutayo.adelodun/.m2/repository/org/apache/commons/commons-lang3/3.10/commons-lang3-3.10-sources.jar","javadocContainerUrl":"file:/C:/Users/olutayo.adelodun/.m2/repository/org/apache/commons/commons-lang3/3.10/commons-lang3-3.10-javadoc.jar","isSystem":false,"isOwn":false,"isTest":false,"isJavaContent":false},{"kind":"binary","path":"C:\\Users\\olutayo.adelodun\\.m2\\repository\\io\\rest-assured\\json-path\\4.3.1\\json-path-4.3.1.jar","sourceContainerUrl":"file:/C:/Users/olutayo.adelodun/.m2/repository/io/rest-assured/json-path/4.3.1/json-path-4.3.1-sources.jar","javadocContainerUrl":"file:/C:/Users/olutayo.adelodun/.m2/repository/io/rest-assured/json-path/4.3.1/json-path-4.3.1-javadoc.jar","isSystem":false,"isOwn":false,"isTest":false,"isJavaContent":false},{"kind":"binary","path":"C:\\Users\\olutayo.adelodun\\.m2\\repository\\org\\codehaus\\groovy\\groovy-json\\2.5.13\\groovy-json-2.5.13.jar","sourceContainerUrl":"file:/C:/Users/olutayo.adelodun/.m2/repository/org/codehaus/groovy/groovy-json/2.5.13/groovy-json-2.5.13-sources.jar","javadocContainerUrl":"file:/C:/Users/olutayo.adelodun/.m2/repository/org/codehaus/groovy/groovy-json/2.5.13/groovy-json-2.5.13-javadoc.jar","isSystem":false,"isOwn":false,"isTest":false,"isJavaContent":false},{"kind":"binary","path":"C:\\Users\\olutayo.adelodun\\.m2\\repository\\io\\rest-assured\\xml-path\\4.3.1\\xml-path-4.3.1.jar","sourceContainerUrl":"file:/C:/Users/olutayo.adelodun/.m2/repository/io/rest-assured/xml-path/4.3.1/xml-path-4.3.1-sources.jar","javadocContainerUrl":"file:/C:/Users/olutayo.adelodun/.m2/repository/io/rest-assured/xml-path/4.3.1/xml-path-4.3.1-javadoc.jar","isSystem":false,"isOwn":false,"isTest":false,"isJavaContent":false},{"kind":"binary","path":"C:\\Users\\olutayo.adelodun\\.m2\\repository\\com\\sun\\xml\\bind\\jaxb-impl\\2.3.3\\jaxb-impl-2.3.3.jar","sourceContainerUrl":"file:/C:/Users/olutayo.adelodun/.m2/repository/com/sun/xml/bind/jaxb-impl/2.3.3/jaxb-impl-2.3.3-sources.jar","javadocContainerUrl":"file:/C:/Users/olutayo.adelodun/.m2/repository/com/sun/xml/bind/jaxb-impl/2.3.3/jaxb-impl-2.3.3-javadoc.jar","isSystem":false,"isOwn":false,"isTest":false,"isJavaContent":false},{"kind":"binary","path":"C:\\Users\\olutayo.adelodun\\.m2\\repository\\com\\github\\javafaker\\javafaker\\1.0.2\\javafaker-1.0.2.jar","sourceContainerUrl":"file:/C:/Users/olutayo.adelodun/.m2/repository/com/github/javafaker/javafaker/1.0.2/javafaker-1.0.2-sources.jar","javadocContainerUrl":"file:/C:/Users/olutayo.adelodun/.m2/repository/com/github/javafaker/javafaker/1.0.2/javafaker-1.0.2-javadoc.jar","isSystem":false,"isOwn":false,"isTest":false,"isJavaContent":false},{"kind":"binary","path":"C:\\Users\\olutayo.adelodun\\.m2\\repository\\org\\yaml\\snakeyaml\\1.23\\snakeyaml-1.23-android.jar","sourceContainerUrl":"file:/C:/Users/olutayo.adelodun/.m2/repository/org/yaml/snakeyaml/1.23/snakeyaml-1.23-sources.jar","javadocContainerUrl":"file:/C:/Users/olutayo.adelodun/.m2/repository/org/yaml/snakeyaml/1.23/snakeyaml-1.23-javadoc.jar","isSystem":false,"isOwn":false,"isTest":false,"isJavaContent":false},{"kind":"binary","path":"C:\\Users\\olutayo.adelodun\\.m2\\repository\\com\\github\\mifmif\\generex\\1.0.2\\generex-1.0.2.jar","sourceContainerUrl":"file:/C:/Users/olutayo.adelodun/.m2/repository/com/github/mifmif/generex/1.0.2/generex-1.0.2-sources.jar","javadocContainerUrl":"file:/C:/Users/olutayo.adelodun/.m2/repository/com/github/mifmif/generex/1.0.2/generex-1.0.2-javadoc.jar","isSystem":false,"isOwn":false,"isTest":false,"isJavaContent":false},{"kind":"binary","path":"C:\\Users\\olutayo.adelodun\\.m2\\repository\\dk\\brics\\automaton\\automaton\\1.11-8\\automaton-1.11-8.jar","sourceContainerUrl":"file:/C:/Users/olutayo.adelodun/.m2/repository/dk/brics/automaton/automaton/1.11-8/automaton-1.11-8-sources.jar","javadocContainerUrl":"file:/C:/Users/olutayo.adelodun/.m2/repository/dk/brics/automaton/automaton/1.11-8/automaton-1.11-8-javadoc.jar","isSystem":false,"isOwn":false,"isTest":false,"isJavaContent":false},{"kind":"binary","path":"C:\\Users\\olutayo.adelodun\\.m2\\repository\\org\\spockframework\\spock-core\\2.0-M3-groovy-3.0\\spock-core-2.0-M3-groovy-3.0.jar","sourceContainerUrl":"file:/C:/Users/olutayo.adelodun/.m2/repository/org/spockframework/spock-core/2.0-M3-groovy-3.0/spock-core-2.0-M3-groovy-3.0-sources.jar","javadocContainerUrl":"file:/C:/Users/olutayo.adelodun/.m2/repository/org/spockframework/spock-core/2.0-M3-groovy-3.0/spock-core-2.0-M3-groovy-3.0-javadoc.jar","isSystem":false,"isOwn":false,"isTest":false,"isJavaContent":false},{"kind":"binary","path":"C:\\Users\\olutayo.adelodun\\.m2\\repository\\org\\junit\\platform\\junit-platform-engine\\1.6.3\\junit-platform-engine-1.6.3.jar","sourceContainerUrl":"file:/C:/Users/olutayo.adelodun/.m2/repository/org/junit/platform/junit-platform-engine/1.6.3/junit-platform-engine-1.6.3-sources.jar","javadocContainerUrl":"file:/C:/Users/olutayo.adelodun/.m2/repository/org/junit/platform/junit-platform-engine/1.6.3/junit-platform-engine-1.6.3-javadoc.jar","isSystem":false,"isOwn":false,"isTest":false,"isJavaContent":false},{"kind":"binary","path":"C:\\Users\\olutayo.adelodun\\.m2\\repository\\org\\apiguardian\\apiguardian-api\\1.1.0\\apiguardian-api-1.1.0.jar","sourceContainerUrl":"file:/C:/Users/olutayo.adelodun/.m2/repository/org/apiguardian/apiguardian-api/1.1.0/apiguardian-api-1.1.0-sources.jar","javadocContainerUrl":"file:/C:/Users/olutayo.adelodun/.m2/repository/org/apiguardian/apiguardian-api/1.1.0/apiguardian-api-1.1.0-javadoc.jar","isSystem":false,"isOwn":false,"isTest":false,"isJavaContent":false},{"kind":"binary","path":"C:\\Users\\olutayo.adelodun\\.m2\\repository\\org\\opentest4j\\opentest4j\\1.2.0\\opentest4j-1.2.0.jar","sourceContainerUrl":"file:/C:/Users/olutayo.adelodun/.m2/repository/org/opentest4j/opentest4j/1.2.0/opentest4j-1.2.0-sources.jar","javadocContainerUrl":"file:/C:/Users/olutayo.adelodun/.m2/repository/org/opentest4j/opentest4j/1.2.0/opentest4j-1.2.0-javadoc.jar","isSystem":false,"isOwn":false,"isTest":false,"isJavaContent":false},{"kind":"binary","path":"C:\\Users\\olutayo.adelodun\\.m2\\repository\\org\\junit\\platform\\junit-platform-commons\\1.6.3\\junit-platform-commons-1.6.3.jar","sourceContainerUrl":"file:/C:/Users/olutayo.adelodun/.m2/repository/org/junit/platform/junit-platform-commons/1.6.3/junit-platform-commons-1.6.3-sources.jar","javadocContainerUrl":"file:/C:/Users/olutayo.adelodun/.m2/repository/org/junit/platform/junit-platform-commons/1.6.3/junit-platform-commons-1.6.3-javadoc.jar","isSystem":false,"isOwn":false,"isTest":false,"isJavaContent":false},{"kind":"binary","path":"C:\\Users\\olutayo.adelodun\\.m2\\repository\\org\\hamcrest\\hamcrest-core\\2.2\\hamcrest-core-2.2.jar","sourceContainerUrl":"file:/C:/Users/olutayo.adelodun/.m2/repository/org/hamcrest/hamcrest-core/2.2/hamcrest-core-2.2-sources.jar","javadocContainerUrl":"file:/C:/Users/olutayo.adelodun/.m2/repository/org/hamcrest/hamcrest-core/2.2/hamcrest-core-2.2-javadoc.jar","isSystem":false,"isOwn":false,"isTest":false,"isJavaContent":false},{"kind":"binary","path":"C:\\Users\\olutayo.adelodun\\.m2\\repository\\org\\spockframework\\spock-spring\\2.0-M3-groovy-3.0\\spock-spring-2.0-M3-groovy-3.0.jar","sourceContainerUrl":"file:/C:/Users/olutayo.adelodun/.m2/repository/org/spockframework/spock-spring/2.0-M3-groovy-3.0/spock-spring-2.0-M3-groovy-3.0-sources.jar","javadocContainerUrl":"file:/C:/Users/olutayo.adelodun/.m2/repository/org/spockframework/spock-spring/2.0-M3-groovy-3.0/spock-spring-2.0-M3-groovy-3.0-javadoc.jar","isSystem":false,"isOwn":false,"isTest":false,"isJavaContent":false},{"kind":"binary","path":"C:\\Users\\olutayo.adelodun\\.m2\\repository\\org\\testcontainers\\jdbc\\1.15.1\\jdbc-1.15.1.jar","sourceContainerUrl":"file:/C:/Users/olutayo.adelodun/.m2/repository/org/testcontainers/jdbc/1.15.1/jdbc-1.15.1-sources.jar","javadocContainerUrl":"file:/C:/Users/olutayo.adelodun/.m2/repository/org/testcontainers/jdbc/1.15.1/jdbc-1.15.1-javadoc.jar","isSystem":false,"isOwn":false,"isTest":false,"isJavaContent":false},{"kind":"binary","path":"C:\\Users\\olutayo.adelodun\\.m2\\repository\\org\\testcontainers\\database-commons\\1.15.1\\database-commons-1.15.1.jar","sourceContainerUrl":"file:/C:/Users/olutayo.adelodun/.m2/repository/org/testcontainers/database-commons/1.15.1/database-commons-1.15.1-sources.jar","javadocContainerUrl":"file:/C:/Users/olutayo.adelodun/.m2/repository/org/testcontainers/database-commons/1.15.1/database-commons-1.15.1-javadoc.jar","isSystem":false,"isOwn":false,"isTest":false,"isJavaContent":false},{"kind":"binary","path":"C:\\Users\\olutayo.adelodun\\.m2\\repository\\org\\testcontainers\\testcontainers\\1.15.1\\testcontainers-1.15.1.jar","sourceContainerUrl":"file:/C:/Users/olutayo.adelodun/.m2/repository/org/testcontainers/testcontainers/1.15.1/testcontainers-1.15.1-sources.jar","javadocContainerUrl":"file:/C:/Users/olutayo.adelodun/.m2/repository/org/testcontainers/testcontainers/1.15.1/testcontainers-1.15.1-javadoc.jar","isSystem":false,"isOwn":false,"isTest":false,"isJavaContent":false},{"kind":"binary","path":"C:\\Users\\olutayo.adelodun\\.m2\\repository\\junit\\junit\\4.13.1\\junit-4.13.1.jar","sourceContainerUrl":"file:/C:/Users/olutayo.adelodun/.m2/repository/junit/junit/4.13.1/junit-4.13.1-sources.jar","javadocContainerUrl":"file:/C:/Users/olutayo.adelodun/.m2/repository/junit/junit/4.13.1/junit-4.13.1-javadoc.jar","isSystem":false,"isOwn":false,"isTest":false,"isJavaContent":false},{"kind":"binary","path":"C:\\Users\\olutayo.adelodun\\.m2\\repository\\org\\apache\\commons\\commons-compress\\1.20\\commons-compress-1.20.jar","sourceContainerUrl":"file:/C:/Users/olutayo.adelodun/.m2/repository/org/apache/commons/commons-compress/1.20/commons-compress-1.20-sources.jar","javadocContainerUrl":"file:/C:/Users/olutayo.adelodun/.m2/repository/org/apache/commons/commons-compress/1.20/commons-compress-1.20-javadoc.jar","isSystem":false,"isOwn":false,"isTest":false,"isJavaContent":false},{"kind":"binary","path":"C:\\Users\\olutayo.adelodun\\.m2\\repository\\org\\rnorth\\duct-tape\\duct-tape\\1.0.8\\duct-tape-1.0.8.jar","sourceContainerUrl":"file:/C:/Users/olutayo.adelodun/.m2/repository/org/rnorth/duct-tape/duct-tape/1.0.8/duct-tape-1.0.8-sources.jar","javadocContainerUrl":"file:/C:/Users/olutayo.adelodun/.m2/repository/org/rnorth/duct-tape/duct-tape/1.0.8/duct-tape-1.0.8-javadoc.jar","isSystem":false,"isOwn":false,"isTest":false,"isJavaContent":false},{"kind":"binary","path":"C:\\Users\\olutayo.adelodun\\.m2\\repository\\org\\rnorth\\visible-assertions\\visible-assertions\\2.1.2\\visible-assertions-2.1.2.jar","sourceContainerUrl":"file:/C:/Users/olutayo.adelodun/.m2/repository/org/rnorth/visible-assertions/visible-assertions/2.1.2/visible-assertions-2.1.2-sources.jar","javadocContainerUrl":"file:/C:/Users/olutayo.adelodun/.m2/repository/org/rnorth/visible-assertions/visible-assertions/2.1.2/visible-assertions-2.1.2-javadoc.jar","isSystem":false,"isOwn":false,"isTest":false,"isJavaContent":false},{"kind":"binary","path":"C:\\Users\\olutayo.adelodun\\.m2\\repository\\net\\java\\dev\\jna\\jna\\5.2.0\\jna-5.2.0.jar","sourceContainerUrl":"file:/C:/Users/olutayo.adelodun/.m2/repository/net/java/dev/jna/jna/5.2.0/jna-5.2.0-sources.jar","javadocContainerUrl":"file:/C:/Users/olutayo.adelodun/.m2/repository/net/java/dev/jna/jna/5.2.0/jna-5.2.0-javadoc.jar","isSystem":false,"isOwn":false,"isTest":false,"isJavaContent":false},{"kind":"binary","path":"C:\\Users\\olutayo.adelodun\\.m2\\repository\\com\\github\\docker-java\\docker-java-api\\3.2.7\\docker-java-api-3.2.7.jar","sourceContainerUrl":"file:/C:/Users/olutayo.adelodun/.m2/repository/com/github/docker-java/docker-java-api/3.2.7/docker-java-api-3.2.7-sources.jar","javadocContainerUrl":"file:/C:/Users/olutayo.adelodun/.m2/repository/com/github/docker-java/docker-java-api/3.2.7/docker-java-api-3.2.7-javadoc.jar","isSystem":false,"isOwn":false,"isTest":false,"isJavaContent":false},{"kind":"binary","path":"C:\\Users\\olutayo.adelodun\\.m2\\repository\\com\\github\\docker-java\\docker-java-transport-zerodep\\3.2.7\\docker-java-transport-zerodep-3.2.7.jar","sourceContainerUrl":"file:/C:/Users/olutayo.adelodun/.m2/repository/com/github/docker-java/docker-java-transport-zerodep/3.2.7/docker-java-transport-zerodep-3.2.7-sources.jar","javadocContainerUrl":"file:/C:/Users/olutayo.adelodun/.m2/repository/com/github/docker-java/docker-java-transport-zerodep/3.2.7/docker-java-transport-zerodep-3.2.7-javadoc.jar","isSystem":false,"isOwn":false,"isTest":false,"isJavaContent":false},{"kind":"binary","path":"C:\\Users\\olutayo.adelodun\\.m2\\repository\\com\\github\\docker-java\\docker-java-transport\\3.2.7\\docker-java-transport-3.2.7.jar","sourceContainerUrl":"file:/C:/Users/olutayo.adelodun/.m2/repository/com/github/docker-java/docker-java-transport/3.2.7/docker-java-transport-3.2.7-sources.jar","javadocContainerUrl":"file:/C:/Users/olutayo.adelodun/.m2/repository/com/github/docker-java/docker-java-transport/3.2.7/docker-java-transport-3.2.7-javadoc.jar","isSystem":false,"isOwn":false,"isTest":false,"isJavaContent":false},{"kind":"binary","path":"C:\\Users\\olutayo.adelodun\\.m2\\repository\\org\\springframework\\boot\\spring-boot-devtools\\2.3.5.RELEASE\\spring-boot-devtools-2.3.5.RELEASE.jar","sourceContainerUrl":"file:/C:/Users/olutayo.adelodun/.m2/repository/org/springframework/boot/spring-boot-devtools/2.3.5.RELEASE/spring-boot-devtools-2.3.5.RELEASE-sources.jar","javadocContainerUrl":"file:/C:/Users/olutayo.adelodun/.m2/repository/org/springframework/boot/spring-boot-devtools/2.3.5.RELEASE/spring-boot-devtools-2.3.5.RELEASE-javadoc.jar","isSystem":false,"isOwn":false,"isTest":false,"isJavaContent":false},{"kind":"binary","path":"C:\\Users\\olutayo.adelodun\\.m2\\repository\\org\\springframework\\boot\\spring-boot\\2.3.5.RELEASE\\spring-boot-2.3.5.RELEASE.jar","sourceContainerUrl":"file:/C:/Users/olutayo.adelodun/.m2/repository/org/springframework/boot/spring-boot/2.3.5.RELEASE/spring-boot-2.3.5.RELEASE-sources.jar","javadocContainerUrl":"file:/C:/Users/olutayo.adelodun/.m2/repository/org/springframework/boot/spring-boot/2.3.5.RELEASE/spring-boot-2.3.5.RELEASE-javadoc.jar","isSystem":false,"isOwn":false,"isTest":false,"isJavaContent":false},{"kind":"binary","path":"C:\\Users\\olutayo.adelodun\\.m2\\repository\\org\\springframework\\boot\\spring-boot-autoconfigure\\2.3.5.RELEASE\\spring-boot-autoconfigure-2.3.5.RELEASE.jar","sourceContainerUrl":"file:/C:/Users/olutayo.adelodun/.m2/repository/org/springframework/boot/spring-boot-autoconfigure/2.3.5.RELEASE/spring-boot-autoconfigure-2.3.5.RELEASE-sources.jar","javadocContainerUrl":"file:/C:/Users/olutayo.adelodun/.m2/repository/org/springframework/boot/spring-boot-autoconfigure/2.3.5.RELEASE/spring-boot-autoconfigure-2.3.5.RELEASE-javadoc.jar","isSystem":false,"isOwn":false,"isTest":false,"isJavaContent":false},{"kind":"binary","path":"C:\\Users\\olutayo.adelodun\\.m2\\repository\\mysql\\mysql-connector-java\\8.0.22\\mysql-connector-java-8.0.22.jar","sourceContainerUrl":"file:/C:/Users/olutayo.adelodun/.m2/repository/mysql/mysql-connector-java/8.0.22/mysql-connector-java-8.0.22-sources.jar","isSystem":false,"isOwn":false,"isTest":false,"isJavaContent":false},{"kind":"source","path":"C:\\Users\\olutayo.adelodun\\Documents\\finacial-calculator\\backend\\src\\main\\java","outputFolder":"C:\\Users\\olutayo.adelodun\\Documents\\finacial-calculator\\backend\\target\\classes","javadocContainerUrl":"file:/C:/Users/olutayo.adelodun/Documents/finacial-calculator/backend/target/site/apidocs","isSystem":false,"isOwn":true,"isTest":false,"isJavaContent":true},{"kind":"source","path":"C:\\Users\\olutayo.adelodun\\Documents\\finacial-calculator\\backend\\src\\main\\resources","outputFolder":"C:\\Users\\olutayo.adelodun\\Documents\\finacial-calculator\\backend\\target\\classes","isSystem":false,"isOwn":true,"isTest":false,"isJavaContent":false},{"kind":"source","path":"C:\\Users\\olutayo.adelodun\\Documents\\finacial-calculator\\backend\\src\\test\\resources","outputFolder":"C:\\Users\\olutayo.adelodun\\Documents\\finacial-calculator\\backend\\target\\test-classes","isSystem":false,"isOwn":true,"isTest":true,"isJavaContent":false},{"kind":"source","path":"C:\\Users\\olutayo.adelodun\\Documents\\finacial-calculator\\backend\\src\\test\\java","outputFolder":"C:\\Users\\olutayo.adelodun\\Documents\\finacial-calculator\\backend\\target\\test-classes","javadocContainerUrl":"file:/C:/Users/olutayo.adelodun/Documents/finacial-calculator/backend/target/site/apidocs","isSystem":false,"isOwn":true,"isTest":false,"isJavaContent":false}]}